-- --------------------------------------------------------
-- 호스트:                          127.0.0.1
-- 서버 버전:                        8.0.42 - MySQL Community Server - GPL
-- 서버 OS:                        Win64
-- HeidiSQL 버전:                  12.8.0.6908
-- --------------------------------------------------------

/*!40101 SET @OLD_CHARACTER_SET_CLIENT=@@CHARACTER_SET_CLIENT */;
/*!40101 SET NAMES utf8 */;
/*!50503 SET NAMES utf8mb4 */;
/*!40103 SET @OLD_TIME_ZONE=@@TIME_ZONE */;
/*!40103 SET TIME_ZONE='+00:00' */;
/*!40014 SET @OLD_FOREIGN_KEY_CHECKS=@@FOREIGN_KEY_CHECKS, FOREIGN_KEY_CHECKS=0 */;
/*!40101 SET @OLD_SQL_MODE=@@SQL_MODE, SQL_MODE='NO_AUTO_VALUE_ON_ZERO' */;
/*!40111 SET @OLD_SQL_NOTES=@@SQL_NOTES, SQL_NOTES=0 */;


-- test 데이터베이스 구조 내보내기
CREATE DATABASE IF NOT EXISTS `feature_test` /*!40100 DEFAULT CHARACTER SET utf8mb4 COLLATE utf8mb4_0900_ai_ci */ /*!80016 DEFAULT ENCRYPTION='N' */;
USE `feature_test`;

-- 테이블 test.alarm 구조 내보내기
CREATE TABLE IF NOT EXISTS `alarm` (
  `alarm_id` bigint NOT NULL AUTO_INCREMENT,
  `created_date` datetime(6) DEFAULT NULL,
  `updated_at` datetime(6) NOT NULL,
  `type` enum('BOARD_NEW','COMMENT_NEW') DEFAULT NULL,
  `is_read` bit(1) NOT NULL,
  `board_id` bigint DEFAULT NULL,
  `comment_id` bigint DEFAULT NULL,
  `employee_id` bigint NOT NULL,
  PRIMARY KEY (`alarm_id`),
  KEY `FKmbnciaplp47yg01x9dmwf2tde` (`board_id`),
  KEY `FKsa9c5fuofwn5q7fg24i6wgy19` (`comment_id`),
  KEY `FKlpidi9cssfs9tfcqvtuiy9840` (`employee_id`),
  CONSTRAINT `FKlpidi9cssfs9tfcqvtuiy9840` FOREIGN KEY (`employee_id`) REFERENCES `employee` (`employee_id`),
  CONSTRAINT `FKmbnciaplp47yg01x9dmwf2tde` FOREIGN KEY (`board_id`) REFERENCES `board` (`board_id`),
  CONSTRAINT `FKsa9c5fuofwn5q7fg24i6wgy19` FOREIGN KEY (`comment_id`) REFERENCES `comment` (`comment_id`)
) ENGINE=InnoDB AUTO_INCREMENT=801 DEFAULT CHARSET=utf8mb4 COLLATE=utf8mb4_0900_ai_ci;

-- 테이블 데이터 test.alarm:~0 rows (대략적) 내보내기
DELETE FROM `alarm`;
INSERT INTO `alarm` (`alarm_id`, `created_date`, `updated_at`, `type`, `is_read`, `board_id`, `comment_id`, `employee_id`) VALUES
	(1, '2025-06-15 01:03:16.278388', '2025-06-15 01:03:16.278388', 'BOARD_NEW', b'1', 1, NULL, 1),
	(2, '2025-06-15 01:03:16.284165', '2025-06-15 01:03:16.284165', 'BOARD_NEW', b'1', 1, NULL, 2),
	(3, '2025-06-15 01:03:16.285166', '2025-06-15 01:03:16.285166', 'BOARD_NEW', b'0', 1, NULL, 3),
	(4, '2025-06-15 01:03:16.287149', '2025-06-15 01:03:16.287149', 'BOARD_NEW', b'0', 1, NULL, 4),
	(5, '2025-06-15 01:03:16.287149', '2025-06-15 01:03:16.287149', 'BOARD_NEW', b'0', 1, NULL, 5),
	(6, '2025-06-15 01:03:16.287149', '2025-06-15 01:03:16.287149', 'BOARD_NEW', b'0', 1, NULL, 6),
	(7, '2025-06-15 01:03:16.287149', '2025-06-15 01:03:16.287149', 'BOARD_NEW', b'0', 1, NULL, 7),
	(8, '2025-06-15 01:03:16.287149', '2025-06-15 01:03:16.287149', 'BOARD_NEW', b'0', 1, NULL, 8),
	(9, '2025-06-15 01:03:16.287149', '2025-06-15 01:03:16.287149', 'BOARD_NEW', b'0', 1, NULL, 9),
	(10, '2025-06-15 01:03:16.287149', '2025-06-15 01:03:16.287149', 'BOARD_NEW', b'0', 1, NULL, 10),
	(11, '2025-06-15 01:03:16.287149', '2025-06-15 01:03:16.287149', 'BOARD_NEW', b'0', 1, NULL, 11),
	(12, '2025-06-15 01:03:16.287149', '2025-06-15 01:03:16.287149', 'BOARD_NEW', b'0', 1, NULL, 12),
	(13, '2025-06-15 01:03:16.287149', '2025-06-15 01:03:16.287149', 'BOARD_NEW', b'0', 1, NULL, 13),
	(14, '2025-06-15 01:03:16.287149', '2025-06-15 01:03:16.287149', 'BOARD_NEW', b'0', 1, NULL, 14),
	(15, '2025-06-15 01:03:16.287149', '2025-06-15 01:03:16.287149', 'BOARD_NEW', b'0', 1, NULL, 15),
	(16, '2025-06-15 01:03:16.287149', '2025-06-15 01:03:16.287149', 'BOARD_NEW', b'0', 1, NULL, 16),
	(17, '2025-06-15 01:03:16.287149', '2025-06-15 01:03:16.287149', 'BOARD_NEW', b'0', 1, NULL, 17),
	(18, '2025-06-15 01:03:16.287149', '2025-06-15 01:03:16.287149', 'BOARD_NEW', b'0', 1, NULL, 18),
	(19, '2025-06-15 01:03:16.287149', '2025-06-15 01:03:16.287149', 'BOARD_NEW', b'0', 1, NULL, 19),
	(20, '2025-06-15 01:03:16.301301', '2025-06-15 01:03:16.301301', 'BOARD_NEW', b'0', 1, NULL, 20),
	(21, '2025-06-15 01:03:16.301301', '2025-06-15 01:03:16.301301', 'BOARD_NEW', b'0', 1, NULL, 21),
	(22, '2025-06-15 01:03:16.301301', '2025-06-15 01:03:16.301301', 'BOARD_NEW', b'0', 1, NULL, 22),
	(23, '2025-06-15 01:03:16.301301', '2025-06-15 01:03:16.301301', 'BOARD_NEW', b'0', 1, NULL, 23),
	(24, '2025-06-15 01:03:16.301301', '2025-06-15 01:03:16.301301', 'BOARD_NEW', b'0', 1, NULL, 24),
	(25, '2025-06-15 01:03:16.301301', '2025-06-15 01:03:16.301301', 'BOARD_NEW', b'0', 1, NULL, 25),
	(26, '2025-06-15 01:03:16.301301', '2025-06-15 01:03:16.301301', 'BOARD_NEW', b'0', 1, NULL, 26),
	(27, '2025-06-15 01:03:16.301301', '2025-06-15 01:03:16.301301', 'BOARD_NEW', b'0', 1, NULL, 27),
	(28, '2025-06-15 01:03:16.301301', '2025-06-15 01:03:16.301301', 'BOARD_NEW', b'0', 1, NULL, 28),
	(29, '2025-06-15 01:03:16.301301', '2025-06-15 01:03:16.301301', 'BOARD_NEW', b'0', 1, NULL, 29),
	(30, '2025-06-15 01:03:16.301301', '2025-06-15 01:03:16.301301', 'BOARD_NEW', b'0', 1, NULL, 30),
	(31, '2025-06-15 01:03:16.308973', '2025-06-15 01:03:16.308973', 'BOARD_NEW', b'0', 1, NULL, 31),
	(32, '2025-06-15 01:03:16.308973', '2025-06-15 01:03:16.308973', 'BOARD_NEW', b'0', 1, NULL, 32),
	(33, '2025-06-15 01:03:16.308973', '2025-06-15 01:03:16.308973', 'BOARD_NEW', b'0', 1, NULL, 33),
	(34, '2025-06-15 01:03:16.310981', '2025-06-15 01:03:16.310981', 'BOARD_NEW', b'0', 1, NULL, 34),
	(35, '2025-06-15 01:03:16.310981', '2025-06-15 01:03:16.310981', 'BOARD_NEW', b'0', 1, NULL, 35),
	(36, '2025-06-15 01:03:16.310981', '2025-06-15 01:03:16.310981', 'BOARD_NEW', b'0', 1, NULL, 36),
	(37, '2025-06-15 01:03:16.313183', '2025-06-15 01:03:16.313183', 'BOARD_NEW', b'0', 1, NULL, 37),
	(38, '2025-06-15 01:03:16.313183', '2025-06-15 01:03:16.313183', 'BOARD_NEW', b'0', 1, NULL, 38),
	(39, '2025-06-15 01:03:16.313183', '2025-06-15 01:03:16.313183', 'BOARD_NEW', b'0', 1, NULL, 39),
	(40, '2025-06-15 01:03:16.315192', '2025-06-15 01:03:16.315192', 'BOARD_NEW', b'0', 1, NULL, 40),
	(41, '2025-06-15 01:03:16.315192', '2025-06-15 01:03:16.315192', 'BOARD_NEW', b'0', 1, NULL, 41),
	(42, '2025-06-15 01:03:16.315192', '2025-06-15 01:03:16.315192', 'BOARD_NEW', b'0', 1, NULL, 42),
	(43, '2025-06-15 01:03:16.316941', '2025-06-15 01:03:16.316941', 'BOARD_NEW', b'0', 1, NULL, 43),
	(44, '2025-06-15 01:03:16.316941', '2025-06-15 01:03:16.316941', 'BOARD_NEW', b'0', 1, NULL, 44),
	(45, '2025-06-15 01:03:16.316941', '2025-06-15 01:03:16.316941', 'BOARD_NEW', b'0', 1, NULL, 45),
	(46, '2025-06-15 01:03:16.316941', '2025-06-15 01:03:16.316941', 'BOARD_NEW', b'0', 1, NULL, 46),
	(47, '2025-06-15 01:03:16.316941', '2025-06-15 01:03:16.316941', 'BOARD_NEW', b'0', 1, NULL, 47),
	(48, '2025-06-15 01:03:16.316941', '2025-06-15 01:03:16.316941', 'BOARD_NEW', b'0', 1, NULL, 48),
	(49, '2025-06-15 01:03:16.316941', '2025-06-15 01:03:16.316941', 'BOARD_NEW', b'0', 1, NULL, 49),
	(50, '2025-06-15 01:03:16.316941', '2025-06-15 01:03:16.316941', 'BOARD_NEW', b'0', 1, NULL, 50),
	(51, '2025-06-15 01:03:16.322657', '2025-06-15 01:03:16.322657', 'BOARD_NEW', b'0', 1, NULL, 51),
	(52, '2025-06-15 01:03:16.322657', '2025-06-15 01:03:16.322657', 'BOARD_NEW', b'0', 1, NULL, 52),
	(53, '2025-06-15 01:03:16.323740', '2025-06-15 01:03:16.323740', 'BOARD_NEW', b'0', 1, NULL, 53),
	(54, '2025-06-15 01:03:16.324814', '2025-06-15 01:03:16.324814', 'BOARD_NEW', b'0', 1, NULL, 54),
	(55, '2025-06-15 01:03:16.325473', '2025-06-15 01:03:16.325473', 'BOARD_NEW', b'0', 1, NULL, 55),
	(56, '2025-06-15 01:03:16.326682', '2025-06-15 01:03:16.326682', 'BOARD_NEW', b'0', 1, NULL, 56),
	(57, '2025-06-15 01:03:16.327681', '2025-06-15 01:03:16.327681', 'BOARD_NEW', b'0', 1, NULL, 57),
	(58, '2025-06-15 01:03:16.327681', '2025-06-15 01:03:16.327681', 'BOARD_NEW', b'0', 1, NULL, 58),
	(59, '2025-06-15 01:03:16.328681', '2025-06-15 01:03:16.328681', 'BOARD_NEW', b'0', 1, NULL, 59),
	(60, '2025-06-15 01:03:16.329523', '2025-06-15 01:03:16.329523', 'BOARD_NEW', b'0', 1, NULL, 60),
	(61, '2025-06-15 01:03:16.330777', '2025-06-15 01:03:16.330777', 'BOARD_NEW', b'0', 1, NULL, 61),
	(62, '2025-06-15 01:03:16.330777', '2025-06-15 01:03:16.330777', 'BOARD_NEW', b'0', 1, NULL, 62),
	(63, '2025-06-15 01:03:16.331874', '2025-06-15 01:03:16.331874', 'BOARD_NEW', b'0', 1, NULL, 63),
	(64, '2025-06-15 01:03:16.332875', '2025-06-15 01:03:16.332875', 'BOARD_NEW', b'0', 1, NULL, 64),
	(65, '2025-06-15 01:03:16.333875', '2025-06-15 01:03:16.333875', 'BOARD_NEW', b'0', 1, NULL, 65),
	(66, '2025-06-15 01:03:16.334998', '2025-06-15 01:03:16.334998', 'BOARD_NEW', b'0', 1, NULL, 66),
	(67, '2025-06-15 01:03:16.335894', '2025-06-15 01:03:16.335894', 'BOARD_NEW', b'0', 1, NULL, 67),
	(68, '2025-06-15 01:03:16.336339', '2025-06-15 01:03:16.336339', 'BOARD_NEW', b'0', 1, NULL, 68),
	(69, '2025-06-15 01:03:16.336339', '2025-06-15 01:03:16.336339', 'BOARD_NEW', b'0', 1, NULL, 69),
	(70, '2025-06-15 01:03:16.337920', '2025-06-15 01:03:16.337920', 'BOARD_NEW', b'0', 1, NULL, 70),
	(71, '2025-06-15 01:03:16.337920', '2025-06-15 01:03:16.337920', 'BOARD_NEW', b'0', 1, NULL, 71),
	(72, '2025-06-15 01:03:16.339350', '2025-06-15 01:03:16.339350', 'BOARD_NEW', b'0', 1, NULL, 72),
	(73, '2025-06-15 01:03:16.340352', '2025-06-15 01:03:16.340352', 'BOARD_NEW', b'0', 1, NULL, 73),
	(74, '2025-06-15 01:03:16.341641', '2025-06-15 01:03:16.341641', 'BOARD_NEW', b'0', 1, NULL, 74),
	(75, '2025-06-15 01:03:16.341944', '2025-06-15 01:03:16.341944', 'BOARD_NEW', b'0', 1, NULL, 75),
	(76, '2025-06-15 01:03:16.343689', '2025-06-15 01:03:16.343689', 'BOARD_NEW', b'0', 1, NULL, 76),
	(77, '2025-06-15 01:03:16.343689', '2025-06-15 01:03:16.343689', 'BOARD_NEW', b'0', 1, NULL, 77),
	(78, '2025-06-15 01:03:16.344681', '2025-06-15 01:03:16.344681', 'BOARD_NEW', b'0', 1, NULL, 78),
	(79, '2025-06-15 01:03:16.345743', '2025-06-15 01:03:16.345743', 'BOARD_NEW', b'0', 1, NULL, 79),
	(80, '2025-06-15 01:03:16.345743', '2025-06-15 01:03:16.345743', 'BOARD_NEW', b'0', 1, NULL, 80),
	(81, '2025-06-15 01:03:16.346742', '2025-06-15 01:03:16.346742', 'BOARD_NEW', b'0', 1, NULL, 81),
	(82, '2025-06-15 01:03:16.346742', '2025-06-15 01:03:16.346742', 'BOARD_NEW', b'0', 1, NULL, 82),
	(83, '2025-06-15 01:03:16.348125', '2025-06-15 01:03:16.348125', 'BOARD_NEW', b'0', 1, NULL, 83),
	(84, '2025-06-15 01:03:16.348584', '2025-06-15 01:03:16.348584', 'BOARD_NEW', b'0', 1, NULL, 84),
	(85, '2025-06-15 01:03:16.349211', '2025-06-15 01:03:16.349211', 'BOARD_NEW', b'0', 1, NULL, 85),
	(86, '2025-06-15 01:03:16.350375', '2025-06-15 01:03:16.350375', 'BOARD_NEW', b'0', 1, NULL, 86),
	(87, '2025-06-15 01:03:16.350971', '2025-06-15 01:03:16.350971', 'BOARD_NEW', b'0', 1, NULL, 87),
	(88, '2025-06-15 01:03:16.350971', '2025-06-15 01:03:16.350971', 'BOARD_NEW', b'0', 1, NULL, 88),
	(89, '2025-06-15 01:03:16.352045', '2025-06-15 01:03:16.352045', 'BOARD_NEW', b'0', 1, NULL, 89),
	(90, '2025-06-15 01:03:16.352780', '2025-06-15 01:03:16.352780', 'BOARD_NEW', b'0', 1, NULL, 90),
	(91, '2025-06-15 01:03:16.353741', '2025-06-15 01:03:16.353741', 'BOARD_NEW', b'0', 1, NULL, 91),
	(92, '2025-06-15 01:03:16.354771', '2025-06-15 01:03:16.354771', 'BOARD_NEW', b'0', 1, NULL, 92),
	(93, '2025-06-15 01:03:16.354771', '2025-06-15 01:03:16.354771', 'BOARD_NEW', b'0', 1, NULL, 93),
	(94, '2025-06-15 01:03:16.354771', '2025-06-15 01:03:16.354771', 'BOARD_NEW', b'0', 1, NULL, 94),
	(95, '2025-06-15 01:03:16.354771', '2025-06-15 01:03:16.354771', 'BOARD_NEW', b'0', 1, NULL, 95),
	(96, '2025-06-15 01:03:16.354771', '2025-06-15 01:03:16.354771', 'BOARD_NEW', b'0', 1, NULL, 96),
	(97, '2025-06-15 01:03:16.354771', '2025-06-15 01:03:16.354771', 'BOARD_NEW', b'0', 1, NULL, 97),
	(98, '2025-06-15 01:03:16.359005', '2025-06-15 01:03:16.359005', 'BOARD_NEW', b'0', 1, NULL, 98),
	(99, '2025-06-15 01:03:16.359778', '2025-06-15 01:03:16.359778', 'BOARD_NEW', b'0', 1, NULL, 99),
	(100, '2025-06-15 01:03:16.359778', '2025-06-15 01:03:16.359778', 'BOARD_NEW', b'0', 1, NULL, 100),
	(101, '2025-06-15 01:03:45.906488', '2025-06-15 01:03:45.906488', 'BOARD_NEW', b'1', 2, NULL, 1),
	(102, '2025-06-15 01:03:45.906488', '2025-06-15 01:03:45.906488', 'BOARD_NEW', b'1', 2, NULL, 2),
	(103, '2025-06-15 01:03:45.906488', '2025-06-15 01:03:45.906488', 'BOARD_NEW', b'0', 2, NULL, 3),
	(104, '2025-06-15 01:03:45.906488', '2025-06-15 01:03:45.906488', 'BOARD_NEW', b'0', 2, NULL, 4),
	(105, '2025-06-15 01:03:45.906488', '2025-06-15 01:03:45.906488', 'BOARD_NEW', b'0', 2, NULL, 5),
	(106, '2025-06-15 01:03:45.906488', '2025-06-15 01:03:45.906488', 'BOARD_NEW', b'0', 2, NULL, 6),
	(107, '2025-06-15 01:03:45.906488', '2025-06-15 01:03:45.906488', 'BOARD_NEW', b'0', 2, NULL, 7),
	(108, '2025-06-15 01:03:45.906488', '2025-06-15 01:03:45.906488', 'BOARD_NEW', b'0', 2, NULL, 8),
	(109, '2025-06-15 01:03:45.911702', '2025-06-15 01:03:45.911702', 'BOARD_NEW', b'0', 2, NULL, 9),
	(110, '2025-06-15 01:03:45.911702', '2025-06-15 01:03:45.911702', 'BOARD_NEW', b'0', 2, NULL, 10),
	(111, '2025-06-15 01:03:45.911702', '2025-06-15 01:03:45.911702', 'BOARD_NEW', b'0', 2, NULL, 11),
	(112, '2025-06-15 01:03:45.911702', '2025-06-15 01:03:45.911702', 'BOARD_NEW', b'0', 2, NULL, 12),
	(113, '2025-06-15 01:03:45.913573', '2025-06-15 01:03:45.913573', 'BOARD_NEW', b'0', 2, NULL, 13),
	(114, '2025-06-15 01:03:45.913573', '2025-06-15 01:03:45.913573', 'BOARD_NEW', b'0', 2, NULL, 14),
	(115, '2025-06-15 01:03:45.913573', '2025-06-15 01:03:45.913573', 'BOARD_NEW', b'0', 2, NULL, 15),
	(116, '2025-06-15 01:03:45.913573', '2025-06-15 01:03:45.913573', 'BOARD_NEW', b'0', 2, NULL, 16),
	(117, '2025-06-15 01:03:45.913573', '2025-06-15 01:03:45.913573', 'BOARD_NEW', b'0', 2, NULL, 17),
	(118, '2025-06-15 01:03:45.913573', '2025-06-15 01:03:45.913573', 'BOARD_NEW', b'0', 2, NULL, 18),
	(119, '2025-06-15 01:03:45.913573', '2025-06-15 01:03:45.913573', 'BOARD_NEW', b'0', 2, NULL, 19),
	(120, '2025-06-15 01:03:45.913573', '2025-06-15 01:03:45.913573', 'BOARD_NEW', b'0', 2, NULL, 20),
	(121, '2025-06-15 01:03:45.913573', '2025-06-15 01:03:45.913573', 'BOARD_NEW', b'0', 2, NULL, 21),
	(122, '2025-06-15 01:03:45.913573', '2025-06-15 01:03:45.913573', 'BOARD_NEW', b'0', 2, NULL, 22),
	(123, '2025-06-15 01:03:45.913573', '2025-06-15 01:03:45.913573', 'BOARD_NEW', b'0', 2, NULL, 23),
	(124, '2025-06-15 01:03:45.913573', '2025-06-15 01:03:45.913573', 'BOARD_NEW', b'0', 2, NULL, 24),
	(125, '2025-06-15 01:03:45.913573', '2025-06-15 01:03:45.913573', 'BOARD_NEW', b'0', 2, NULL, 25),
	(126, '2025-06-15 01:03:45.913573', '2025-06-15 01:03:45.913573', 'BOARD_NEW', b'0', 2, NULL, 26),
	(127, '2025-06-15 01:03:45.922279', '2025-06-15 01:03:45.922279', 'BOARD_NEW', b'0', 2, NULL, 27),
	(128, '2025-06-15 01:03:45.922279', '2025-06-15 01:03:45.922279', 'BOARD_NEW', b'0', 2, NULL, 28),
	(129, '2025-06-15 01:03:45.922279', '2025-06-15 01:03:45.922279', 'BOARD_NEW', b'0', 2, NULL, 29),
	(130, '2025-06-15 01:03:45.922279', '2025-06-15 01:03:45.922279', 'BOARD_NEW', b'0', 2, NULL, 30),
	(131, '2025-06-15 01:03:45.922279', '2025-06-15 01:03:45.922279', 'BOARD_NEW', b'0', 2, NULL, 31),
	(132, '2025-06-15 01:03:45.922279', '2025-06-15 01:03:45.922279', 'BOARD_NEW', b'0', 2, NULL, 32),
	(133, '2025-06-15 01:03:45.922279', '2025-06-15 01:03:45.922279', 'BOARD_NEW', b'0', 2, NULL, 33),
	(134, '2025-06-15 01:03:45.922279', '2025-06-15 01:03:45.922279', 'BOARD_NEW', b'0', 2, NULL, 34),
	(135, '2025-06-15 01:03:45.922279', '2025-06-15 01:03:45.922279', 'BOARD_NEW', b'0', 2, NULL, 35),
	(136, '2025-06-15 01:03:45.922279', '2025-06-15 01:03:45.922279', 'BOARD_NEW', b'0', 2, NULL, 36),
	(137, '2025-06-15 01:03:45.922279', '2025-06-15 01:03:45.922279', 'BOARD_NEW', b'0', 2, NULL, 37),
	(138, '2025-06-15 01:03:45.922279', '2025-06-15 01:03:45.922279', 'BOARD_NEW', b'0', 2, NULL, 38),
	(139, '2025-06-15 01:03:45.922279', '2025-06-15 01:03:45.922279', 'BOARD_NEW', b'0', 2, NULL, 39),
	(140, '2025-06-15 01:03:45.922279', '2025-06-15 01:03:45.922279', 'BOARD_NEW', b'0', 2, NULL, 40),
	(141, '2025-06-15 01:03:45.930388', '2025-06-15 01:03:45.930388', 'BOARD_NEW', b'0', 2, NULL, 41),
	(142, '2025-06-15 01:03:45.930388', '2025-06-15 01:03:45.930388', 'BOARD_NEW', b'0', 2, NULL, 42),
	(143, '2025-06-15 01:03:45.930388', '2025-06-15 01:03:45.930388', 'BOARD_NEW', b'0', 2, NULL, 43),
	(144, '2025-06-15 01:03:45.930388', '2025-06-15 01:03:45.930388', 'BOARD_NEW', b'0', 2, NULL, 44),
	(145, '2025-06-15 01:03:45.930388', '2025-06-15 01:03:45.930388', 'BOARD_NEW', b'0', 2, NULL, 45),
	(146, '2025-06-15 01:03:45.930388', '2025-06-15 01:03:45.930388', 'BOARD_NEW', b'0', 2, NULL, 46),
	(147, '2025-06-15 01:03:45.930388', '2025-06-15 01:03:45.930388', 'BOARD_NEW', b'0', 2, NULL, 47),
	(148, '2025-06-15 01:03:45.930388', '2025-06-15 01:03:45.930388', 'BOARD_NEW', b'0', 2, NULL, 48),
	(149, '2025-06-15 01:03:45.930388', '2025-06-15 01:03:45.930388', 'BOARD_NEW', b'0', 2, NULL, 49),
	(150, '2025-06-15 01:03:45.930388', '2025-06-15 01:03:45.930388', 'BOARD_NEW', b'0', 2, NULL, 50),
	(151, '2025-06-15 01:03:45.930388', '2025-06-15 01:03:45.930388', 'BOARD_NEW', b'0', 2, NULL, 51),
	(152, '2025-06-15 01:03:45.930388', '2025-06-15 01:03:45.930388', 'BOARD_NEW', b'0', 2, NULL, 52),
	(153, '2025-06-15 01:03:45.930388', '2025-06-15 01:03:45.930388', 'BOARD_NEW', b'0', 2, NULL, 53),
	(154, '2025-06-15 01:03:45.930388', '2025-06-15 01:03:45.930388', 'BOARD_NEW', b'0', 2, NULL, 54),
	(155, '2025-06-15 01:03:45.937961', '2025-06-15 01:03:45.937961', 'BOARD_NEW', b'0', 2, NULL, 55),
	(156, '2025-06-15 01:03:45.937961', '2025-06-15 01:03:45.937961', 'BOARD_NEW', b'0', 2, NULL, 56),
	(157, '2025-06-15 01:03:45.937961', '2025-06-15 01:03:45.937961', 'BOARD_NEW', b'0', 2, NULL, 57),
	(158, '2025-06-15 01:03:45.937961', '2025-06-15 01:03:45.937961', 'BOARD_NEW', b'0', 2, NULL, 58),
	(159, '2025-06-15 01:03:45.937961', '2025-06-15 01:03:45.937961', 'BOARD_NEW', b'0', 2, NULL, 59),
	(160, '2025-06-15 01:03:45.937961', '2025-06-15 01:03:45.937961', 'BOARD_NEW', b'0', 2, NULL, 60),
	(161, '2025-06-15 01:03:45.937961', '2025-06-15 01:03:45.937961', 'BOARD_NEW', b'0', 2, NULL, 61),
	(162, '2025-06-15 01:03:45.937961', '2025-06-15 01:03:45.937961', 'BOARD_NEW', b'0', 2, NULL, 62),
	(163, '2025-06-15 01:03:45.937961', '2025-06-15 01:03:45.937961', 'BOARD_NEW', b'0', 2, NULL, 63),
	(164, '2025-06-15 01:03:45.942717', '2025-06-15 01:03:45.942717', 'BOARD_NEW', b'0', 2, NULL, 64),
	(165, '2025-06-15 01:03:45.942717', '2025-06-15 01:03:45.942717', 'BOARD_NEW', b'0', 2, NULL, 65),
	(166, '2025-06-15 01:03:45.942717', '2025-06-15 01:03:45.942717', 'BOARD_NEW', b'0', 2, NULL, 66),
	(167, '2025-06-15 01:03:45.942717', '2025-06-15 01:03:45.942717', 'BOARD_NEW', b'0', 2, NULL, 67),
	(168, '2025-06-15 01:03:45.942717', '2025-06-15 01:03:45.942717', 'BOARD_NEW', b'0', 2, NULL, 68),
	(169, '2025-06-15 01:03:45.942717', '2025-06-15 01:03:45.942717', 'BOARD_NEW', b'0', 2, NULL, 69),
	(170, '2025-06-15 01:03:45.942717', '2025-06-15 01:03:45.942717', 'BOARD_NEW', b'0', 2, NULL, 70),
	(171, '2025-06-15 01:03:45.942717', '2025-06-15 01:03:45.942717', 'BOARD_NEW', b'0', 2, NULL, 71),
	(172, '2025-06-15 01:03:45.942717', '2025-06-15 01:03:45.942717', 'BOARD_NEW', b'0', 2, NULL, 72),
	(173, '2025-06-15 01:03:45.942717', '2025-06-15 01:03:45.942717', 'BOARD_NEW', b'0', 2, NULL, 73),
	(174, '2025-06-15 01:03:45.942717', '2025-06-15 01:03:45.942717', 'BOARD_NEW', b'0', 2, NULL, 74),
	(175, '2025-06-15 01:03:45.942717', '2025-06-15 01:03:45.942717', 'BOARD_NEW', b'0', 2, NULL, 75),
	(176, '2025-06-15 01:03:45.942717', '2025-06-15 01:03:45.942717', 'BOARD_NEW', b'0', 2, NULL, 76),
	(177, '2025-06-15 01:03:45.942717', '2025-06-15 01:03:45.942717', 'BOARD_NEW', b'0', 2, NULL, 77),
	(178, '2025-06-15 01:03:45.942717', '2025-06-15 01:03:45.942717', 'BOARD_NEW', b'0', 2, NULL, 78),
	(179, '2025-06-15 01:03:45.951010', '2025-06-15 01:03:45.951010', 'BOARD_NEW', b'0', 2, NULL, 79),
	(180, '2025-06-15 01:03:45.951010', '2025-06-15 01:03:45.951010', 'BOARD_NEW', b'0', 2, NULL, 80),
	(181, '2025-06-15 01:03:45.951010', '2025-06-15 01:03:45.951010', 'BOARD_NEW', b'0', 2, NULL, 81),
	(182, '2025-06-15 01:03:45.951010', '2025-06-15 01:03:45.951010', 'BOARD_NEW', b'0', 2, NULL, 82),
	(183, '2025-06-15 01:03:45.953615', '2025-06-15 01:03:45.953615', 'BOARD_NEW', b'0', 2, NULL, 83),
	(184, '2025-06-15 01:03:45.953615', '2025-06-15 01:03:45.953615', 'BOARD_NEW', b'0', 2, NULL, 84),
	(185, '2025-06-15 01:03:45.953615', '2025-06-15 01:03:45.953615', 'BOARD_NEW', b'0', 2, NULL, 85),
	(186, '2025-06-15 01:03:45.953615', '2025-06-15 01:03:45.953615', 'BOARD_NEW', b'0', 2, NULL, 86),
	(187, '2025-06-15 01:03:45.955795', '2025-06-15 01:03:45.955795', 'BOARD_NEW', b'0', 2, NULL, 87),
	(188, '2025-06-15 01:03:45.955795', '2025-06-15 01:03:45.955795', 'BOARD_NEW', b'0', 2, NULL, 88),
	(189, '2025-06-15 01:03:45.955795', '2025-06-15 01:03:45.955795', 'BOARD_NEW', b'0', 2, NULL, 89),
	(190, '2025-06-15 01:03:45.955795', '2025-06-15 01:03:45.955795', 'BOARD_NEW', b'0', 2, NULL, 90),
	(191, '2025-06-15 01:03:45.955795', '2025-06-15 01:03:45.955795', 'BOARD_NEW', b'0', 2, NULL, 91),
	(192, '2025-06-15 01:03:45.955795', '2025-06-15 01:03:45.955795', 'BOARD_NEW', b'0', 2, NULL, 92),
	(193, '2025-06-15 01:03:45.958896', '2025-06-15 01:03:45.958896', 'BOARD_NEW', b'0', 2, NULL, 93),
	(194, '2025-06-15 01:03:45.958896', '2025-06-15 01:03:45.958896', 'BOARD_NEW', b'0', 2, NULL, 94),
	(195, '2025-06-15 01:03:45.958896', '2025-06-15 01:03:45.958896', 'BOARD_NEW', b'0', 2, NULL, 95),
	(196, '2025-06-15 01:03:45.958896', '2025-06-15 01:03:45.958896', 'BOARD_NEW', b'0', 2, NULL, 96),
	(197, '2025-06-15 01:03:45.958896', '2025-06-15 01:03:45.958896', 'BOARD_NEW', b'0', 2, NULL, 97),
	(198, '2025-06-15 01:03:45.958896', '2025-06-15 01:03:45.958896', 'BOARD_NEW', b'0', 2, NULL, 98),
	(199, '2025-06-15 01:03:45.958896', '2025-06-15 01:03:45.958896', 'BOARD_NEW', b'0', 2, NULL, 99),
	(200, '2025-06-15 01:03:45.958896', '2025-06-15 01:03:45.958896', 'BOARD_NEW', b'0', 2, NULL, 100),
	(201, '2025-06-15 01:04:05.762975', '2025-06-15 01:04:05.762975', 'BOARD_NEW', b'1', 3, NULL, 1),
	(202, '2025-06-15 01:04:05.762975', '2025-06-15 01:04:05.762975', 'BOARD_NEW', b'1', 3, NULL, 2),
	(203, '2025-06-15 01:04:05.763975', '2025-06-15 01:04:05.763975', 'BOARD_NEW', b'0', 3, NULL, 3),
	(204, '2025-06-15 01:04:05.763975', '2025-06-15 01:04:05.763975', 'BOARD_NEW', b'0', 3, NULL, 4),
	(205, '2025-06-15 01:04:05.764975', '2025-06-15 01:04:05.764975', 'BOARD_NEW', b'0', 3, NULL, 5),
	(206, '2025-06-15 01:04:05.764975', '2025-06-15 01:04:05.764975', 'BOARD_NEW', b'0', 3, NULL, 6),
	(207, '2025-06-15 01:04:05.765975', '2025-06-15 01:04:05.765975', 'BOARD_NEW', b'0', 3, NULL, 7),
	(208, '2025-06-15 01:04:05.765975', '2025-06-15 01:04:05.765975', 'BOARD_NEW', b'0', 3, NULL, 8),
	(209, '2025-06-15 01:04:05.766975', '2025-06-15 01:04:05.766975', 'BOARD_NEW', b'0', 3, NULL, 9),
	(210, '2025-06-15 01:04:05.766975', '2025-06-15 01:04:05.766975', 'BOARD_NEW', b'0', 3, NULL, 10),
	(211, '2025-06-15 01:04:05.767942', '2025-06-15 01:04:05.767942', 'BOARD_NEW', b'0', 3, NULL, 11),
	(212, '2025-06-15 01:04:05.767942', '2025-06-15 01:04:05.767942', 'BOARD_NEW', b'0', 3, NULL, 12),
	(213, '2025-06-15 01:04:05.767942', '2025-06-15 01:04:05.767942', 'BOARD_NEW', b'0', 3, NULL, 13),
	(214, '2025-06-15 01:04:05.767942', '2025-06-15 01:04:05.767942', 'BOARD_NEW', b'0', 3, NULL, 14),
	(215, '2025-06-15 01:04:05.767942', '2025-06-15 01:04:05.767942', 'BOARD_NEW', b'0', 3, NULL, 15),
	(216, '2025-06-15 01:04:05.767942', '2025-06-15 01:04:05.767942', 'BOARD_NEW', b'0', 3, NULL, 16),
	(217, '2025-06-15 01:04:05.767942', '2025-06-15 01:04:05.767942', 'BOARD_NEW', b'0', 3, NULL, 17),
	(218, '2025-06-15 01:04:05.767942', '2025-06-15 01:04:05.767942', 'BOARD_NEW', b'0', 3, NULL, 18),
	(219, '2025-06-15 01:04:05.767942', '2025-06-15 01:04:05.767942', 'BOARD_NEW', b'0', 3, NULL, 19),
	(220, '2025-06-15 01:04:05.767942', '2025-06-15 01:04:05.767942', 'BOARD_NEW', b'0', 3, NULL, 20),
	(221, '2025-06-15 01:04:05.767942', '2025-06-15 01:04:05.767942', 'BOARD_NEW', b'0', 3, NULL, 21),
	(222, '2025-06-15 01:04:05.767942', '2025-06-15 01:04:05.767942', 'BOARD_NEW', b'0', 3, NULL, 22),
	(223, '2025-06-15 01:04:05.767942', '2025-06-15 01:04:05.767942', 'BOARD_NEW', b'0', 3, NULL, 23),
	(224, '2025-06-15 01:04:05.767942', '2025-06-15 01:04:05.767942', 'BOARD_NEW', b'0', 3, NULL, 24),
	(225, '2025-06-15 01:04:05.767942', '2025-06-15 01:04:05.767942', 'BOARD_NEW', b'0', 3, NULL, 25),
	(226, '2025-06-15 01:04:05.767942', '2025-06-15 01:04:05.767942', 'BOARD_NEW', b'0', 3, NULL, 26),
	(227, '2025-06-15 01:04:05.767942', '2025-06-15 01:04:05.767942', 'BOARD_NEW', b'0', 3, NULL, 27),
	(228, '2025-06-15 01:04:05.767942', '2025-06-15 01:04:05.767942', 'BOARD_NEW', b'0', 3, NULL, 28),
	(229, '2025-06-15 01:04:05.767942', '2025-06-15 01:04:05.767942', 'BOARD_NEW', b'0', 3, NULL, 29),
	(230, '2025-06-15 01:04:05.767942', '2025-06-15 01:04:05.767942', 'BOARD_NEW', b'0', 3, NULL, 30),
	(231, '2025-06-15 01:04:05.767942', '2025-06-15 01:04:05.767942', 'BOARD_NEW', b'0', 3, NULL, 31),
	(232, '2025-06-15 01:04:05.767942', '2025-06-15 01:04:05.767942', 'BOARD_NEW', b'0', 3, NULL, 32),
	(233, '2025-06-15 01:04:05.767942', '2025-06-15 01:04:05.767942', 'BOARD_NEW', b'0', 3, NULL, 33),
	(234, '2025-06-15 01:04:05.767942', '2025-06-15 01:04:05.767942', 'BOARD_NEW', b'0', 3, NULL, 34),
	(235, '2025-06-15 01:04:05.767942', '2025-06-15 01:04:05.767942', 'BOARD_NEW', b'0', 3, NULL, 35),
	(236, '2025-06-15 01:04:05.767942', '2025-06-15 01:04:05.767942', 'BOARD_NEW', b'0', 3, NULL, 36),
	(237, '2025-06-15 01:04:05.767942', '2025-06-15 01:04:05.767942', 'BOARD_NEW', b'0', 3, NULL, 37),
	(238, '2025-06-15 01:04:05.767942', '2025-06-15 01:04:05.767942', 'BOARD_NEW', b'0', 3, NULL, 38),
	(239, '2025-06-15 01:04:05.767942', '2025-06-15 01:04:05.767942', 'BOARD_NEW', b'0', 3, NULL, 39),
	(240, '2025-06-15 01:04:05.783039', '2025-06-15 01:04:05.783039', 'BOARD_NEW', b'0', 3, NULL, 40),
	(241, '2025-06-15 01:04:05.783039', '2025-06-15 01:04:05.783039', 'BOARD_NEW', b'0', 3, NULL, 41),
	(242, '2025-06-15 01:04:05.783039', '2025-06-15 01:04:05.783039', 'BOARD_NEW', b'0', 3, NULL, 42),
	(243, '2025-06-15 01:04:05.783039', '2025-06-15 01:04:05.783039', 'BOARD_NEW', b'0', 3, NULL, 43),
	(244, '2025-06-15 01:04:05.783039', '2025-06-15 01:04:05.783039', 'BOARD_NEW', b'0', 3, NULL, 44),
	(245, '2025-06-15 01:04:05.783039', '2025-06-15 01:04:05.783039', 'BOARD_NEW', b'0', 3, NULL, 45),
	(246, '2025-06-15 01:04:05.783039', '2025-06-15 01:04:05.783039', 'BOARD_NEW', b'0', 3, NULL, 46),
	(247, '2025-06-15 01:04:05.783039', '2025-06-15 01:04:05.783039', 'BOARD_NEW', b'0', 3, NULL, 47),
	(248, '2025-06-15 01:04:05.783039', '2025-06-15 01:04:05.783039', 'BOARD_NEW', b'0', 3, NULL, 48),
	(249, '2025-06-15 01:04:05.783039', '2025-06-15 01:04:05.783039', 'BOARD_NEW', b'0', 3, NULL, 49),
	(250, '2025-06-15 01:04:05.783039', '2025-06-15 01:04:05.783039', 'BOARD_NEW', b'0', 3, NULL, 50),
	(251, '2025-06-15 01:04:05.783039', '2025-06-15 01:04:05.783039', 'BOARD_NEW', b'0', 3, NULL, 51),
	(252, '2025-06-15 01:04:05.783039', '2025-06-15 01:04:05.783039', 'BOARD_NEW', b'0', 3, NULL, 52),
	(253, '2025-06-15 01:04:05.783039', '2025-06-15 01:04:05.783039', 'BOARD_NEW', b'0', 3, NULL, 53),
	(254, '2025-06-15 01:04:05.783039', '2025-06-15 01:04:05.783039', 'BOARD_NEW', b'0', 3, NULL, 54),
	(255, '2025-06-15 01:04:05.783039', '2025-06-15 01:04:05.783039', 'BOARD_NEW', b'0', 3, NULL, 55),
	(256, '2025-06-15 01:04:05.783039', '2025-06-15 01:04:05.783039', 'BOARD_NEW', b'0', 3, NULL, 56),
	(257, '2025-06-15 01:04:05.783039', '2025-06-15 01:04:05.783039', 'BOARD_NEW', b'0', 3, NULL, 57),
	(258, '2025-06-15 01:04:05.783039', '2025-06-15 01:04:05.783039', 'BOARD_NEW', b'0', 3, NULL, 58),
	(259, '2025-06-15 01:04:05.783039', '2025-06-15 01:04:05.783039', 'BOARD_NEW', b'0', 3, NULL, 59),
	(260, '2025-06-15 01:04:05.783039', '2025-06-15 01:04:05.783039', 'BOARD_NEW', b'0', 3, NULL, 60),
	(261, '2025-06-15 01:04:05.783039', '2025-06-15 01:04:05.783039', 'BOARD_NEW', b'0', 3, NULL, 61),
	(262, '2025-06-15 01:04:05.783039', '2025-06-15 01:04:05.783039', 'BOARD_NEW', b'0', 3, NULL, 62),
	(263, '2025-06-15 01:04:05.783039', '2025-06-15 01:04:05.783039', 'BOARD_NEW', b'0', 3, NULL, 63),
	(264, '2025-06-15 01:04:05.783039', '2025-06-15 01:04:05.783039', 'BOARD_NEW', b'0', 3, NULL, 64),
	(265, '2025-06-15 01:04:05.783039', '2025-06-15 01:04:05.783039', 'BOARD_NEW', b'0', 3, NULL, 65),
	(266, '2025-06-15 01:04:05.783039', '2025-06-15 01:04:05.783039', 'BOARD_NEW', b'0', 3, NULL, 66),
	(267, '2025-06-15 01:04:05.783039', '2025-06-15 01:04:05.783039', 'BOARD_NEW', b'0', 3, NULL, 67),
	(268, '2025-06-15 01:04:05.783039', '2025-06-15 01:04:05.783039', 'BOARD_NEW', b'0', 3, NULL, 68),
	(269, '2025-06-15 01:04:05.799162', '2025-06-15 01:04:05.799162', 'BOARD_NEW', b'0', 3, NULL, 69),
	(270, '2025-06-15 01:04:05.799162', '2025-06-15 01:04:05.799162', 'BOARD_NEW', b'0', 3, NULL, 70),
	(271, '2025-06-15 01:04:05.799162', '2025-06-15 01:04:05.799162', 'BOARD_NEW', b'0', 3, NULL, 71),
	(272, '2025-06-15 01:04:05.799162', '2025-06-15 01:04:05.799162', 'BOARD_NEW', b'0', 3, NULL, 72),
	(273, '2025-06-15 01:04:05.799162', '2025-06-15 01:04:05.799162', 'BOARD_NEW', b'0', 3, NULL, 73),
	(274, '2025-06-15 01:04:05.799162', '2025-06-15 01:04:05.799162', 'BOARD_NEW', b'0', 3, NULL, 74),
	(275, '2025-06-15 01:04:05.799162', '2025-06-15 01:04:05.799162', 'BOARD_NEW', b'0', 3, NULL, 75),
	(276, '2025-06-15 01:04:05.799162', '2025-06-15 01:04:05.799162', 'BOARD_NEW', b'0', 3, NULL, 76),
	(277, '2025-06-15 01:04:05.799162', '2025-06-15 01:04:05.799162', 'BOARD_NEW', b'0', 3, NULL, 77),
	(278, '2025-06-15 01:04:05.799162', '2025-06-15 01:04:05.799162', 'BOARD_NEW', b'0', 3, NULL, 78),
	(279, '2025-06-15 01:04:05.799162', '2025-06-15 01:04:05.799162', 'BOARD_NEW', b'0', 3, NULL, 79),
	(280, '2025-06-15 01:04:05.799162', '2025-06-15 01:04:05.799162', 'BOARD_NEW', b'0', 3, NULL, 80),
	(281, '2025-06-15 01:04:05.799162', '2025-06-15 01:04:05.799162', 'BOARD_NEW', b'0', 3, NULL, 81),
	(282, '2025-06-15 01:04:05.799162', '2025-06-15 01:04:05.799162', 'BOARD_NEW', b'0', 3, NULL, 82),
	(283, '2025-06-15 01:04:05.799162', '2025-06-15 01:04:05.799162', 'BOARD_NEW', b'0', 3, NULL, 83),
	(284, '2025-06-15 01:04:05.799162', '2025-06-15 01:04:05.799162', 'BOARD_NEW', b'0', 3, NULL, 84),
	(285, '2025-06-15 01:04:05.799162', '2025-06-15 01:04:05.799162', 'BOARD_NEW', b'0', 3, NULL, 85),
	(286, '2025-06-15 01:04:05.799162', '2025-06-15 01:04:05.799162', 'BOARD_NEW', b'0', 3, NULL, 86),
	(287, '2025-06-15 01:04:05.799162', '2025-06-15 01:04:05.799162', 'BOARD_NEW', b'0', 3, NULL, 87),
	(288, '2025-06-15 01:04:05.799162', '2025-06-15 01:04:05.799162', 'BOARD_NEW', b'0', 3, NULL, 88),
	(289, '2025-06-15 01:04:05.799162', '2025-06-15 01:04:05.799162', 'BOARD_NEW', b'0', 3, NULL, 89),
	(290, '2025-06-15 01:04:05.808304', '2025-06-15 01:04:05.808304', 'BOARD_NEW', b'0', 3, NULL, 90),
	(291, '2025-06-15 01:04:05.808304', '2025-06-15 01:04:05.808304', 'BOARD_NEW', b'0', 3, NULL, 91),
	(292, '2025-06-15 01:04:05.808304', '2025-06-15 01:04:05.808304', 'BOARD_NEW', b'0', 3, NULL, 92),
	(293, '2025-06-15 01:04:05.808304', '2025-06-15 01:04:05.808304', 'BOARD_NEW', b'0', 3, NULL, 93),
	(294, '2025-06-15 01:04:05.808304', '2025-06-15 01:04:05.808304', 'BOARD_NEW', b'0', 3, NULL, 94),
	(295, '2025-06-15 01:04:05.808304', '2025-06-15 01:04:05.808304', 'BOARD_NEW', b'0', 3, NULL, 95),
	(296, '2025-06-15 01:04:05.808304', '2025-06-15 01:04:05.808304', 'BOARD_NEW', b'0', 3, NULL, 96),
	(297, '2025-06-15 01:04:05.808304', '2025-06-15 01:04:05.808304', 'BOARD_NEW', b'0', 3, NULL, 97),
	(298, '2025-06-15 01:04:05.808304', '2025-06-15 01:04:05.808304', 'BOARD_NEW', b'0', 3, NULL, 98),
	(299, '2025-06-15 01:04:05.808304', '2025-06-15 01:04:05.808304', 'BOARD_NEW', b'0', 3, NULL, 99),
	(300, '2025-06-15 01:04:05.808304', '2025-06-15 01:04:05.808304', 'BOARD_NEW', b'0', 3, NULL, 100),
	(301, '2025-06-15 01:04:21.161566', '2025-06-15 01:04:21.161566', 'BOARD_NEW', b'1', 4, NULL, 1),
	(302, '2025-06-15 01:04:21.162567', '2025-06-15 01:04:21.162567', 'BOARD_NEW', b'1', 4, NULL, 2),
	(303, '2025-06-15 01:04:21.162567', '2025-06-15 01:04:21.162567', 'BOARD_NEW', b'0', 4, NULL, 3),
	(304, '2025-06-15 01:04:21.162567', '2025-06-15 01:04:21.162567', 'BOARD_NEW', b'0', 4, NULL, 4),
	(305, '2025-06-15 01:04:21.162567', '2025-06-15 01:04:21.162567', 'BOARD_NEW', b'0', 4, NULL, 5),
	(306, '2025-06-15 01:04:21.162567', '2025-06-15 01:04:21.162567', 'BOARD_NEW', b'0', 4, NULL, 6),
	(307, '2025-06-15 01:04:21.162567', '2025-06-15 01:04:21.162567', 'BOARD_NEW', b'0', 4, NULL, 7),
	(308, '2025-06-15 01:04:21.162567', '2025-06-15 01:04:21.162567', 'BOARD_NEW', b'0', 4, NULL, 8),
	(309, '2025-06-15 01:04:21.162567', '2025-06-15 01:04:21.162567', 'BOARD_NEW', b'0', 4, NULL, 9),
	(310, '2025-06-15 01:04:21.162567', '2025-06-15 01:04:21.162567', 'BOARD_NEW', b'0', 4, NULL, 10),
	(311, '2025-06-15 01:04:21.162567', '2025-06-15 01:04:21.162567', 'BOARD_NEW', b'0', 4, NULL, 11),
	(312, '2025-06-15 01:04:21.162567', '2025-06-15 01:04:21.162567', 'BOARD_NEW', b'0', 4, NULL, 12),
	(313, '2025-06-15 01:04:21.162567', '2025-06-15 01:04:21.162567', 'BOARD_NEW', b'0', 4, NULL, 13),
	(314, '2025-06-15 01:04:21.162567', '2025-06-15 01:04:21.162567', 'BOARD_NEW', b'0', 4, NULL, 14),
	(315, '2025-06-15 01:04:21.162567', '2025-06-15 01:04:21.162567', 'BOARD_NEW', b'0', 4, NULL, 15),
	(316, '2025-06-15 01:04:21.162567', '2025-06-15 01:04:21.162567', 'BOARD_NEW', b'0', 4, NULL, 16),
	(317, '2025-06-15 01:04:21.162567', '2025-06-15 01:04:21.162567', 'BOARD_NEW', b'0', 4, NULL, 17),
	(318, '2025-06-15 01:04:21.162567', '2025-06-15 01:04:21.162567', 'BOARD_NEW', b'0', 4, NULL, 18),
	(319, '2025-06-15 01:04:21.162567', '2025-06-15 01:04:21.162567', 'BOARD_NEW', b'0', 4, NULL, 19),
	(320, '2025-06-15 01:04:21.162567', '2025-06-15 01:04:21.162567', 'BOARD_NEW', b'0', 4, NULL, 20),
	(321, '2025-06-15 01:04:21.162567', '2025-06-15 01:04:21.162567', 'BOARD_NEW', b'0', 4, NULL, 21),
	(322, '2025-06-15 01:04:21.162567', '2025-06-15 01:04:21.162567', 'BOARD_NEW', b'0', 4, NULL, 22),
	(323, '2025-06-15 01:04:21.162567', '2025-06-15 01:04:21.162567', 'BOARD_NEW', b'0', 4, NULL, 23),
	(324, '2025-06-15 01:04:21.162567', '2025-06-15 01:04:21.162567', 'BOARD_NEW', b'0', 4, NULL, 24),
	(325, '2025-06-15 01:04:21.162567', '2025-06-15 01:04:21.162567', 'BOARD_NEW', b'0', 4, NULL, 25),
	(326, '2025-06-15 01:04:21.162567', '2025-06-15 01:04:21.162567', 'BOARD_NEW', b'0', 4, NULL, 26),
	(327, '2025-06-15 01:04:21.162567', '2025-06-15 01:04:21.162567', 'BOARD_NEW', b'0', 4, NULL, 27),
	(328, '2025-06-15 01:04:21.162567', '2025-06-15 01:04:21.162567', 'BOARD_NEW', b'0', 4, NULL, 28),
	(329, '2025-06-15 01:04:21.162567', '2025-06-15 01:04:21.162567', 'BOARD_NEW', b'0', 4, NULL, 29),
	(330, '2025-06-15 01:04:21.162567', '2025-06-15 01:04:21.162567', 'BOARD_NEW', b'0', 4, NULL, 30),
	(331, '2025-06-15 01:04:21.162567', '2025-06-15 01:04:21.162567', 'BOARD_NEW', b'0', 4, NULL, 31),
	(332, '2025-06-15 01:04:21.162567', '2025-06-15 01:04:21.162567', 'BOARD_NEW', b'0', 4, NULL, 32),
	(333, '2025-06-15 01:04:21.162567', '2025-06-15 01:04:21.162567', 'BOARD_NEW', b'0', 4, NULL, 33),
	(334, '2025-06-15 01:04:21.178215', '2025-06-15 01:04:21.178215', 'BOARD_NEW', b'0', 4, NULL, 34),
	(335, '2025-06-15 01:04:21.178215', '2025-06-15 01:04:21.178215', 'BOARD_NEW', b'0', 4, NULL, 35),
	(336, '2025-06-15 01:04:21.178215', '2025-06-15 01:04:21.178215', 'BOARD_NEW', b'0', 4, NULL, 36),
	(337, '2025-06-15 01:04:21.178215', '2025-06-15 01:04:21.178215', 'BOARD_NEW', b'0', 4, NULL, 37),
	(338, '2025-06-15 01:04:21.178215', '2025-06-15 01:04:21.178215', 'BOARD_NEW', b'0', 4, NULL, 38),
	(339, '2025-06-15 01:04:21.178215', '2025-06-15 01:04:21.178215', 'BOARD_NEW', b'0', 4, NULL, 39),
	(340, '2025-06-15 01:04:21.178215', '2025-06-15 01:04:21.178215', 'BOARD_NEW', b'0', 4, NULL, 40),
	(341, '2025-06-15 01:04:21.178215', '2025-06-15 01:04:21.178215', 'BOARD_NEW', b'0', 4, NULL, 41),
	(342, '2025-06-15 01:04:21.178215', '2025-06-15 01:04:21.178215', 'BOARD_NEW', b'0', 4, NULL, 42),
	(343, '2025-06-15 01:04:21.178215', '2025-06-15 01:04:21.178215', 'BOARD_NEW', b'0', 4, NULL, 43),
	(344, '2025-06-15 01:04:21.178215', '2025-06-15 01:04:21.178215', 'BOARD_NEW', b'0', 4, NULL, 44),
	(345, '2025-06-15 01:04:21.178215', '2025-06-15 01:04:21.178215', 'BOARD_NEW', b'0', 4, NULL, 45),
	(346, '2025-06-15 01:04:21.178215', '2025-06-15 01:04:21.178215', 'BOARD_NEW', b'0', 4, NULL, 46),
	(347, '2025-06-15 01:04:21.178215', '2025-06-15 01:04:21.178215', 'BOARD_NEW', b'0', 4, NULL, 47),
	(348, '2025-06-15 01:04:21.178215', '2025-06-15 01:04:21.178215', 'BOARD_NEW', b'0', 4, NULL, 48),
	(349, '2025-06-15 01:04:21.178215', '2025-06-15 01:04:21.178215', 'BOARD_NEW', b'0', 4, NULL, 49),
	(350, '2025-06-15 01:04:21.178215', '2025-06-15 01:04:21.178215', 'BOARD_NEW', b'0', 4, NULL, 50),
	(351, '2025-06-15 01:04:21.178215', '2025-06-15 01:04:21.178215', 'BOARD_NEW', b'0', 4, NULL, 51),
	(352, '2025-06-15 01:04:21.178215', '2025-06-15 01:04:21.178215', 'BOARD_NEW', b'0', 4, NULL, 52),
	(353, '2025-06-15 01:04:21.178215', '2025-06-15 01:04:21.178215', 'BOARD_NEW', b'0', 4, NULL, 53),
	(354, '2025-06-15 01:04:21.178215', '2025-06-15 01:04:21.178215', 'BOARD_NEW', b'0', 4, NULL, 54),
	(355, '2025-06-15 01:04:21.178215', '2025-06-15 01:04:21.178215', 'BOARD_NEW', b'0', 4, NULL, 55),
	(356, '2025-06-15 01:04:21.178215', '2025-06-15 01:04:21.178215', 'BOARD_NEW', b'0', 4, NULL, 56),
	(357, '2025-06-15 01:04:21.178215', '2025-06-15 01:04:21.178215', 'BOARD_NEW', b'0', 4, NULL, 57),
	(358, '2025-06-15 01:04:21.178215', '2025-06-15 01:04:21.178215', 'BOARD_NEW', b'0', 4, NULL, 58),
	(359, '2025-06-15 01:04:21.178215', '2025-06-15 01:04:21.178215', 'BOARD_NEW', b'0', 4, NULL, 59),
	(360, '2025-06-15 01:04:21.178215', '2025-06-15 01:04:21.178215', 'BOARD_NEW', b'0', 4, NULL, 60),
	(361, '2025-06-15 01:04:21.178215', '2025-06-15 01:04:21.178215', 'BOARD_NEW', b'0', 4, NULL, 61),
	(362, '2025-06-15 01:04:21.178215', '2025-06-15 01:04:21.178215', 'BOARD_NEW', b'0', 4, NULL, 62),
	(363, '2025-06-15 01:04:21.178215', '2025-06-15 01:04:21.178215', 'BOARD_NEW', b'0', 4, NULL, 63),
	(364, '2025-06-15 01:04:21.178215', '2025-06-15 01:04:21.178215', 'BOARD_NEW', b'0', 4, NULL, 64),
	(365, '2025-06-15 01:04:21.178215', '2025-06-15 01:04:21.178215', 'BOARD_NEW', b'0', 4, NULL, 65),
	(366, '2025-06-15 01:04:21.178215', '2025-06-15 01:04:21.178215', 'BOARD_NEW', b'0', 4, NULL, 66),
	(367, '2025-06-15 01:04:21.178215', '2025-06-15 01:04:21.178215', 'BOARD_NEW', b'0', 4, NULL, 67),
	(368, '2025-06-15 01:04:21.178215', '2025-06-15 01:04:21.178215', 'BOARD_NEW', b'0', 4, NULL, 68),
	(369, '2025-06-15 01:04:21.194283', '2025-06-15 01:04:21.194283', 'BOARD_NEW', b'0', 4, NULL, 69),
	(370, '2025-06-15 01:04:21.194283', '2025-06-15 01:04:21.194283', 'BOARD_NEW', b'0', 4, NULL, 70),
	(371, '2025-06-15 01:04:21.194283', '2025-06-15 01:04:21.194283', 'BOARD_NEW', b'0', 4, NULL, 71),
	(372, '2025-06-15 01:04:21.196290', '2025-06-15 01:04:21.196290', 'BOARD_NEW', b'0', 4, NULL, 72),
	(373, '2025-06-15 01:04:21.196290', '2025-06-15 01:04:21.196290', 'BOARD_NEW', b'0', 4, NULL, 73),
	(374, '2025-06-15 01:04:21.196290', '2025-06-15 01:04:21.196290', 'BOARD_NEW', b'0', 4, NULL, 74),
	(375, '2025-06-15 01:04:21.196290', '2025-06-15 01:04:21.196290', 'BOARD_NEW', b'0', 4, NULL, 75),
	(376, '2025-06-15 01:04:21.196290', '2025-06-15 01:04:21.196290', 'BOARD_NEW', b'0', 4, NULL, 76),
	(377, '2025-06-15 01:04:21.196290', '2025-06-15 01:04:21.196290', 'BOARD_NEW', b'0', 4, NULL, 77),
	(378, '2025-06-15 01:04:21.196290', '2025-06-15 01:04:21.196290', 'BOARD_NEW', b'0', 4, NULL, 78),
	(379, '2025-06-15 01:04:21.196290', '2025-06-15 01:04:21.196290', 'BOARD_NEW', b'0', 4, NULL, 79),
	(380, '2025-06-15 01:04:21.196290', '2025-06-15 01:04:21.196290', 'BOARD_NEW', b'0', 4, NULL, 80),
	(381, '2025-06-15 01:04:21.196290', '2025-06-15 01:04:21.196290', 'BOARD_NEW', b'0', 4, NULL, 81),
	(382, '2025-06-15 01:04:21.196290', '2025-06-15 01:04:21.196290', 'BOARD_NEW', b'0', 4, NULL, 82),
	(383, '2025-06-15 01:04:21.196290', '2025-06-15 01:04:21.196290', 'BOARD_NEW', b'0', 4, NULL, 83),
	(384, '2025-06-15 01:04:21.196290', '2025-06-15 01:04:21.196290', 'BOARD_NEW', b'0', 4, NULL, 84),
	(385, '2025-06-15 01:04:21.196290', '2025-06-15 01:04:21.196290', 'BOARD_NEW', b'0', 4, NULL, 85),
	(386, '2025-06-15 01:04:21.196290', '2025-06-15 01:04:21.196290', 'BOARD_NEW', b'0', 4, NULL, 86),
	(387, '2025-06-15 01:04:21.196290', '2025-06-15 01:04:21.196290', 'BOARD_NEW', b'0', 4, NULL, 87),
	(388, '2025-06-15 01:04:21.196290', '2025-06-15 01:04:21.196290', 'BOARD_NEW', b'0', 4, NULL, 88),
	(389, '2025-06-15 01:04:21.196290', '2025-06-15 01:04:21.196290', 'BOARD_NEW', b'0', 4, NULL, 89),
	(390, '2025-06-15 01:04:21.196290', '2025-06-15 01:04:21.196290', 'BOARD_NEW', b'0', 4, NULL, 90),
	(391, '2025-06-15 01:04:21.196290', '2025-06-15 01:04:21.196290', 'BOARD_NEW', b'0', 4, NULL, 91),
	(392, '2025-06-15 01:04:21.196290', '2025-06-15 01:04:21.196290', 'BOARD_NEW', b'0', 4, NULL, 92),
	(393, '2025-06-15 01:04:21.196290', '2025-06-15 01:04:21.196290', 'BOARD_NEW', b'0', 4, NULL, 93),
	(394, '2025-06-15 01:04:21.196290', '2025-06-15 01:04:21.196290', 'BOARD_NEW', b'0', 4, NULL, 94),
	(395, '2025-06-15 01:04:21.196290', '2025-06-15 01:04:21.196290', 'BOARD_NEW', b'0', 4, NULL, 95),
	(396, '2025-06-15 01:04:21.196290', '2025-06-15 01:04:21.196290', 'BOARD_NEW', b'0', 4, NULL, 96),
	(397, '2025-06-15 01:04:21.196290', '2025-06-15 01:04:21.196290', 'BOARD_NEW', b'0', 4, NULL, 97),
	(398, '2025-06-15 01:04:21.196290', '2025-06-15 01:04:21.196290', 'BOARD_NEW', b'0', 4, NULL, 98),
	(399, '2025-06-15 01:04:21.196290', '2025-06-15 01:04:21.196290', 'BOARD_NEW', b'0', 4, NULL, 99),
	(400, '2025-06-15 01:04:21.209979', '2025-06-15 01:04:21.209979', 'BOARD_NEW', b'0', 4, NULL, 100),
	(401, '2025-06-15 01:04:39.028963', '2025-06-15 01:04:39.028963', 'BOARD_NEW', b'1', 5, NULL, 1),
	(402, '2025-06-15 01:04:39.029963', '2025-06-15 02:53:10.185930', 'BOARD_NEW', b'1', 5, NULL, 2),
	(403, '2025-06-15 01:04:39.029963', '2025-06-15 01:04:39.029963', 'BOARD_NEW', b'0', 5, NULL, 3),
	(404, '2025-06-15 01:04:39.029963', '2025-06-15 01:04:39.029963', 'BOARD_NEW', b'0', 5, NULL, 4),
	(405, '2025-06-15 01:04:39.029963', '2025-06-15 01:04:39.029963', 'BOARD_NEW', b'0', 5, NULL, 5),
	(406, '2025-06-15 01:04:39.029963', '2025-06-15 01:04:39.029963', 'BOARD_NEW', b'0', 5, NULL, 6),
	(407, '2025-06-15 01:04:39.029963', '2025-06-15 01:04:39.029963', 'BOARD_NEW', b'0', 5, NULL, 7),
	(408, '2025-06-15 01:04:39.029963', '2025-06-15 01:04:39.029963', 'BOARD_NEW', b'0', 5, NULL, 8),
	(409, '2025-06-15 01:04:39.029963', '2025-06-15 01:04:39.029963', 'BOARD_NEW', b'0', 5, NULL, 9),
	(410, '2025-06-15 01:04:39.029963', '2025-06-15 01:04:39.029963', 'BOARD_NEW', b'0', 5, NULL, 10),
	(411, '2025-06-15 01:04:39.029963', '2025-06-15 01:04:39.029963', 'BOARD_NEW', b'0', 5, NULL, 11),
	(412, '2025-06-15 01:04:39.029963', '2025-06-15 01:04:39.029963', 'BOARD_NEW', b'0', 5, NULL, 12),
	(413, '2025-06-15 01:04:39.029963', '2025-06-15 01:04:39.029963', 'BOARD_NEW', b'0', 5, NULL, 13),
	(414, '2025-06-15 01:04:39.029963', '2025-06-15 01:04:39.029963', 'BOARD_NEW', b'0', 5, NULL, 14),
	(415, '2025-06-15 01:04:39.029963', '2025-06-15 01:04:39.029963', 'BOARD_NEW', b'0', 5, NULL, 15),
	(416, '2025-06-15 01:04:39.029963', '2025-06-15 01:04:39.029963', 'BOARD_NEW', b'0', 5, NULL, 16),
	(417, '2025-06-15 01:04:39.029963', '2025-06-15 01:04:39.029963', 'BOARD_NEW', b'0', 5, NULL, 17),
	(418, '2025-06-15 01:04:39.029963', '2025-06-15 01:04:39.029963', 'BOARD_NEW', b'0', 5, NULL, 18),
	(419, '2025-06-15 01:04:39.029963', '2025-06-15 01:04:39.029963', 'BOARD_NEW', b'0', 5, NULL, 19),
	(420, '2025-06-15 01:04:39.029963', '2025-06-15 01:04:39.029963', 'BOARD_NEW', b'0', 5, NULL, 20),
	(421, '2025-06-15 01:04:39.029963', '2025-06-15 01:04:39.029963', 'BOARD_NEW', b'0', 5, NULL, 21),
	(422, '2025-06-15 01:04:39.029963', '2025-06-15 01:04:39.029963', 'BOARD_NEW', b'0', 5, NULL, 22),
	(423, '2025-06-15 01:04:39.029963', '2025-06-15 01:04:39.029963', 'BOARD_NEW', b'0', 5, NULL, 23),
	(424, '2025-06-15 01:04:39.029963', '2025-06-15 01:04:39.029963', 'BOARD_NEW', b'0', 5, NULL, 24),
	(425, '2025-06-15 01:04:39.029963', '2025-06-15 01:04:39.029963', 'BOARD_NEW', b'0', 5, NULL, 25),
	(426, '2025-06-15 01:04:39.029963', '2025-06-15 01:04:39.029963', 'BOARD_NEW', b'0', 5, NULL, 26),
	(427, '2025-06-15 01:04:39.029963', '2025-06-15 01:04:39.029963', 'BOARD_NEW', b'0', 5, NULL, 27),
	(428, '2025-06-15 01:04:39.029963', '2025-06-15 01:04:39.029963', 'BOARD_NEW', b'0', 5, NULL, 28),
	(429, '2025-06-15 01:04:39.029963', '2025-06-15 01:04:39.029963', 'BOARD_NEW', b'0', 5, NULL, 29),
	(430, '2025-06-15 01:04:39.029963', '2025-06-15 01:04:39.029963', 'BOARD_NEW', b'0', 5, NULL, 30),
	(431, '2025-06-15 01:04:39.029963', '2025-06-15 01:04:39.029963', 'BOARD_NEW', b'0', 5, NULL, 31),
	(432, '2025-06-15 01:04:39.029963', '2025-06-15 01:04:39.029963', 'BOARD_NEW', b'0', 5, NULL, 32),
	(433, '2025-06-15 01:04:39.029963', '2025-06-15 01:04:39.029963', 'BOARD_NEW', b'0', 5, NULL, 33),
	(434, '2025-06-15 01:04:39.029963', '2025-06-15 01:04:39.029963', 'BOARD_NEW', b'0', 5, NULL, 34),
	(435, '2025-06-15 01:04:39.029963', '2025-06-15 01:04:39.029963', 'BOARD_NEW', b'0', 5, NULL, 35),
	(436, '2025-06-15 01:04:39.029963', '2025-06-15 01:04:39.029963', 'BOARD_NEW', b'0', 5, NULL, 36),
	(437, '2025-06-15 01:04:39.029963', '2025-06-15 01:04:39.029963', 'BOARD_NEW', b'0', 5, NULL, 37),
	(438, '2025-06-15 01:04:39.029963', '2025-06-15 01:04:39.029963', 'BOARD_NEW', b'0', 5, NULL, 38),
	(439, '2025-06-15 01:04:39.045595', '2025-06-15 01:04:39.045595', 'BOARD_NEW', b'0', 5, NULL, 39),
	(440, '2025-06-15 01:04:39.045595', '2025-06-15 01:04:39.045595', 'BOARD_NEW', b'0', 5, NULL, 40),
	(441, '2025-06-15 01:04:39.045595', '2025-06-15 01:04:39.045595', 'BOARD_NEW', b'0', 5, NULL, 41),
	(442, '2025-06-15 01:04:39.045595', '2025-06-15 01:04:39.045595', 'BOARD_NEW', b'0', 5, NULL, 42),
	(443, '2025-06-15 01:04:39.045595', '2025-06-15 01:04:39.045595', 'BOARD_NEW', b'0', 5, NULL, 43),
	(444, '2025-06-15 01:04:39.045595', '2025-06-15 01:04:39.045595', 'BOARD_NEW', b'0', 5, NULL, 44),
	(445, '2025-06-15 01:04:39.045595', '2025-06-15 01:04:39.045595', 'BOARD_NEW', b'0', 5, NULL, 45),
	(446, '2025-06-15 01:04:39.045595', '2025-06-15 01:04:39.045595', 'BOARD_NEW', b'0', 5, NULL, 46),
	(447, '2025-06-15 01:04:39.045595', '2025-06-15 01:04:39.045595', 'BOARD_NEW', b'0', 5, NULL, 47),
	(448, '2025-06-15 01:04:39.045595', '2025-06-15 01:04:39.045595', 'BOARD_NEW', b'0', 5, NULL, 48),
	(449, '2025-06-15 01:04:39.045595', '2025-06-15 01:04:39.045595', 'BOARD_NEW', b'0', 5, NULL, 49),
	(450, '2025-06-15 01:04:39.045595', '2025-06-15 01:04:39.045595', 'BOARD_NEW', b'0', 5, NULL, 50),
	(451, '2025-06-15 01:04:39.045595', '2025-06-15 01:04:39.045595', 'BOARD_NEW', b'0', 5, NULL, 51),
	(452, '2025-06-15 01:04:39.045595', '2025-06-15 01:04:39.045595', 'BOARD_NEW', b'0', 5, NULL, 52),
	(453, '2025-06-15 01:04:39.045595', '2025-06-15 01:04:39.045595', 'BOARD_NEW', b'0', 5, NULL, 53),
	(454, '2025-06-15 01:04:39.045595', '2025-06-15 01:04:39.045595', 'BOARD_NEW', b'0', 5, NULL, 54),
	(455, '2025-06-15 01:04:39.045595', '2025-06-15 01:04:39.045595', 'BOARD_NEW', b'0', 5, NULL, 55),
	(456, '2025-06-15 01:04:39.045595', '2025-06-15 01:04:39.045595', 'BOARD_NEW', b'0', 5, NULL, 56),
	(457, '2025-06-15 01:04:39.045595', '2025-06-15 01:04:39.045595', 'BOARD_NEW', b'0', 5, NULL, 57),
	(458, '2025-06-15 01:04:39.045595', '2025-06-15 01:04:39.045595', 'BOARD_NEW', b'0', 5, NULL, 58),
	(459, '2025-06-15 01:04:39.045595', '2025-06-15 01:04:39.045595', 'BOARD_NEW', b'0', 5, NULL, 59),
	(460, '2025-06-15 01:04:39.045595', '2025-06-15 01:04:39.045595', 'BOARD_NEW', b'0', 5, NULL, 60),
	(461, '2025-06-15 01:04:39.045595', '2025-06-15 01:04:39.045595', 'BOARD_NEW', b'0', 5, NULL, 61),
	(462, '2025-06-15 01:04:39.045595', '2025-06-15 01:04:39.045595', 'BOARD_NEW', b'0', 5, NULL, 62),
	(463, '2025-06-15 01:04:39.045595', '2025-06-15 01:04:39.045595', 'BOARD_NEW', b'0', 5, NULL, 63),
	(464, '2025-06-15 01:04:39.045595', '2025-06-15 01:04:39.045595', 'BOARD_NEW', b'0', 5, NULL, 64),
	(465, '2025-06-15 01:04:39.045595', '2025-06-15 01:04:39.045595', 'BOARD_NEW', b'0', 5, NULL, 65),
	(466, '2025-06-15 01:04:39.045595', '2025-06-15 01:04:39.045595', 'BOARD_NEW', b'0', 5, NULL, 66),
	(467, '2025-06-15 01:04:39.045595', '2025-06-15 01:04:39.045595', 'BOARD_NEW', b'0', 5, NULL, 67),
	(468, '2025-06-15 01:04:39.045595', '2025-06-15 01:04:39.045595', 'BOARD_NEW', b'0', 5, NULL, 68),
	(469, '2025-06-15 01:04:39.045595', '2025-06-15 01:04:39.045595', 'BOARD_NEW', b'0', 5, NULL, 69),
	(470, '2025-06-15 01:04:39.045595', '2025-06-15 01:04:39.045595', 'BOARD_NEW', b'0', 5, NULL, 70),
	(471, '2025-06-15 01:04:39.045595', '2025-06-15 01:04:39.045595', 'BOARD_NEW', b'0', 5, NULL, 71),
	(472, '2025-06-15 01:04:39.045595', '2025-06-15 01:04:39.045595', 'BOARD_NEW', b'0', 5, NULL, 72),
	(473, '2025-06-15 01:04:39.061392', '2025-06-15 01:04:39.061392', 'BOARD_NEW', b'0', 5, NULL, 73),
	(474, '2025-06-15 01:04:39.061392', '2025-06-15 01:04:39.061392', 'BOARD_NEW', b'0', 5, NULL, 74),
	(475, '2025-06-15 01:04:39.061392', '2025-06-15 01:04:39.061392', 'BOARD_NEW', b'0', 5, NULL, 75),
	(476, '2025-06-15 01:04:39.061392', '2025-06-15 01:04:39.061392', 'BOARD_NEW', b'0', 5, NULL, 76),
	(477, '2025-06-15 01:04:39.061392', '2025-06-15 01:04:39.061392', 'BOARD_NEW', b'0', 5, NULL, 77),
	(478, '2025-06-15 01:04:39.063782', '2025-06-15 01:04:39.063782', 'BOARD_NEW', b'0', 5, NULL, 78),
	(479, '2025-06-15 01:04:39.063782', '2025-06-15 01:04:39.063782', 'BOARD_NEW', b'0', 5, NULL, 79),
	(480, '2025-06-15 01:04:39.063782', '2025-06-15 01:04:39.063782', 'BOARD_NEW', b'0', 5, NULL, 80),
	(481, '2025-06-15 01:04:39.063782', '2025-06-15 01:04:39.063782', 'BOARD_NEW', b'0', 5, NULL, 81),
	(482, '2025-06-15 01:04:39.063782', '2025-06-15 01:04:39.063782', 'BOARD_NEW', b'0', 5, NULL, 82),
	(483, '2025-06-15 01:04:39.063782', '2025-06-15 01:04:39.063782', 'BOARD_NEW', b'0', 5, NULL, 83),
	(484, '2025-06-15 01:04:39.063782', '2025-06-15 01:04:39.063782', 'BOARD_NEW', b'0', 5, NULL, 84),
	(485, '2025-06-15 01:04:39.063782', '2025-06-15 01:04:39.063782', 'BOARD_NEW', b'0', 5, NULL, 85),
	(486, '2025-06-15 01:04:39.063782', '2025-06-15 01:04:39.063782', 'BOARD_NEW', b'0', 5, NULL, 86),
	(487, '2025-06-15 01:04:39.063782', '2025-06-15 01:04:39.063782', 'BOARD_NEW', b'0', 5, NULL, 87),
	(488, '2025-06-15 01:04:39.063782', '2025-06-15 01:04:39.063782', 'BOARD_NEW', b'0', 5, NULL, 88),
	(489, '2025-06-15 01:04:39.063782', '2025-06-15 01:04:39.063782', 'BOARD_NEW', b'0', 5, NULL, 89),
	(490, '2025-06-15 01:04:39.063782', '2025-06-15 01:04:39.063782', 'BOARD_NEW', b'0', 5, NULL, 90),
	(491, '2025-06-15 01:04:39.063782', '2025-06-15 01:04:39.063782', 'BOARD_NEW', b'0', 5, NULL, 91),
	(492, '2025-06-15 01:04:39.063782', '2025-06-15 01:04:39.063782', 'BOARD_NEW', b'0', 5, NULL, 92),
	(493, '2025-06-15 01:04:39.063782', '2025-06-15 01:04:39.063782', 'BOARD_NEW', b'0', 5, NULL, 93),
	(494, '2025-06-15 01:04:39.063782', '2025-06-15 01:04:39.063782', 'BOARD_NEW', b'0', 5, NULL, 94),
	(495, '2025-06-15 01:04:39.063782', '2025-06-15 01:04:39.063782', 'BOARD_NEW', b'0', 5, NULL, 95),
	(496, '2025-06-15 01:04:39.063782', '2025-06-15 01:04:39.063782', 'BOARD_NEW', b'0', 5, NULL, 96),
	(497, '2025-06-15 01:04:39.063782', '2025-06-15 01:04:39.063782', 'BOARD_NEW', b'0', 5, NULL, 97),
	(498, '2025-06-15 01:04:39.063782', '2025-06-15 01:04:39.063782', 'BOARD_NEW', b'0', 5, NULL, 98),
	(499, '2025-06-15 01:04:39.063782', '2025-06-15 01:04:39.063782', 'BOARD_NEW', b'0', 5, NULL, 99),
	(500, '2025-06-15 01:04:39.063782', '2025-06-15 01:04:39.063782', 'BOARD_NEW', b'0', 5, NULL, 100),
	(601, '2025-06-15 14:58:37.437618', '2025-06-15 14:58:37.437618', 'BOARD_NEW', b'1', 8, NULL, 1),
	(602, '2025-06-15 14:58:37.444666', '2025-06-15 14:58:37.444666', 'BOARD_NEW', b'1', 8, NULL, 2),
	(603, '2025-06-15 14:58:37.444666', '2025-06-15 14:58:37.444666', 'BOARD_NEW', b'0', 8, NULL, 3),
	(604, '2025-06-15 14:58:37.444666', '2025-06-15 14:58:37.444666', 'BOARD_NEW', b'0', 8, NULL, 4),
	(605, '2025-06-15 14:58:37.444666', '2025-06-15 14:58:37.444666', 'BOARD_NEW', b'0', 8, NULL, 5),
	(606, '2025-06-15 14:58:37.444666', '2025-06-15 14:58:37.444666', 'BOARD_NEW', b'0', 8, NULL, 6),
	(607, '2025-06-15 14:58:37.444666', '2025-06-15 14:58:37.444666', 'BOARD_NEW', b'0', 8, NULL, 7),
	(608, '2025-06-15 14:58:37.444666', '2025-06-15 14:58:37.444666', 'BOARD_NEW', b'0', 8, NULL, 8),
	(609, '2025-06-15 14:58:37.444666', '2025-06-15 14:58:37.444666', 'BOARD_NEW', b'0', 8, NULL, 9),
	(610, '2025-06-15 14:58:37.444666', '2025-06-15 14:58:37.444666', 'BOARD_NEW', b'0', 8, NULL, 10),
	(611, '2025-06-15 14:58:37.444666', '2025-06-15 14:58:37.444666', 'BOARD_NEW', b'0', 8, NULL, 11),
	(612, '2025-06-15 14:58:37.444666', '2025-06-15 14:58:37.444666', 'BOARD_NEW', b'0', 8, NULL, 12),
	(613, '2025-06-15 14:58:37.444666', '2025-06-15 14:58:37.444666', 'BOARD_NEW', b'0', 8, NULL, 13),
	(614, '2025-06-15 14:58:37.444666', '2025-06-15 14:58:37.444666', 'BOARD_NEW', b'0', 8, NULL, 14),
	(615, '2025-06-15 14:58:37.444666', '2025-06-15 14:58:37.444666', 'BOARD_NEW', b'0', 8, NULL, 15),
	(616, '2025-06-15 14:58:37.460460', '2025-06-15 14:58:37.460460', 'BOARD_NEW', b'0', 8, NULL, 16),
	(617, '2025-06-15 14:58:37.460460', '2025-06-15 14:58:37.460460', 'BOARD_NEW', b'0', 8, NULL, 17),
	(618, '2025-06-15 14:58:37.460460', '2025-06-15 14:58:37.460460', 'BOARD_NEW', b'0', 8, NULL, 18),
	(619, '2025-06-15 14:58:37.460460', '2025-06-15 14:58:37.460460', 'BOARD_NEW', b'0', 8, NULL, 19),
	(620, '2025-06-15 14:58:37.460460', '2025-06-15 14:58:37.460460', 'BOARD_NEW', b'0', 8, NULL, 20),
	(621, '2025-06-15 14:58:37.460460', '2025-06-15 14:58:37.460460', 'BOARD_NEW', b'0', 8, NULL, 21),
	(622, '2025-06-15 14:58:37.460460', '2025-06-15 14:58:37.460460', 'BOARD_NEW', b'0', 8, NULL, 22),
	(623, '2025-06-15 14:58:37.467907', '2025-06-15 14:58:37.467907', 'BOARD_NEW', b'0', 8, NULL, 23),
	(624, '2025-06-15 14:58:37.467907', '2025-06-15 14:58:37.467907', 'BOARD_NEW', b'0', 8, NULL, 24),
	(625, '2025-06-15 14:58:37.469913', '2025-06-15 14:58:37.469913', 'BOARD_NEW', b'0', 8, NULL, 25),
	(626, '2025-06-15 14:58:37.469913', '2025-06-15 14:58:37.469913', 'BOARD_NEW', b'0', 8, NULL, 26),
	(627, '2025-06-15 14:58:37.469913', '2025-06-15 14:58:37.469913', 'BOARD_NEW', b'0', 8, NULL, 27),
	(628, '2025-06-15 14:58:37.472316', '2025-06-15 14:58:37.472316', 'BOARD_NEW', b'0', 8, NULL, 28),
	(629, '2025-06-15 14:58:37.472316', '2025-06-15 14:58:37.472316', 'BOARD_NEW', b'0', 8, NULL, 29),
	(630, '2025-06-15 14:58:37.474322', '2025-06-15 14:58:37.474322', 'BOARD_NEW', b'0', 8, NULL, 30),
	(631, '2025-06-15 14:58:37.474322', '2025-06-15 14:58:37.474322', 'BOARD_NEW', b'0', 8, NULL, 31),
	(632, '2025-06-15 14:58:37.476328', '2025-06-15 14:58:37.476328', 'BOARD_NEW', b'0', 8, NULL, 32),
	(633, '2025-06-15 14:58:37.476328', '2025-06-15 14:58:37.476328', 'BOARD_NEW', b'0', 8, NULL, 33),
	(634, '2025-06-15 14:58:37.476328', '2025-06-15 14:58:37.476328', 'BOARD_NEW', b'0', 8, NULL, 34),
	(635, '2025-06-15 14:58:37.476328', '2025-06-15 14:58:37.476328', 'BOARD_NEW', b'0', 8, NULL, 35),
	(636, '2025-06-15 14:58:37.476328', '2025-06-15 14:58:37.476328', 'BOARD_NEW', b'0', 8, NULL, 36),
	(637, '2025-06-15 14:58:37.476328', '2025-06-15 14:58:37.476328', 'BOARD_NEW', b'0', 8, NULL, 37),
	(638, '2025-06-15 14:58:37.476328', '2025-06-15 14:58:37.476328', 'BOARD_NEW', b'0', 8, NULL, 38),
	(639, '2025-06-15 14:58:37.476328', '2025-06-15 14:58:37.476328', 'BOARD_NEW', b'0', 8, NULL, 39),
	(640, '2025-06-15 14:58:37.476328', '2025-06-15 14:58:37.476328', 'BOARD_NEW', b'0', 8, NULL, 40),
	(641, '2025-06-15 14:58:37.476328', '2025-06-15 14:58:37.476328', 'BOARD_NEW', b'0', 8, NULL, 41),
	(642, '2025-06-15 14:58:37.476328', '2025-06-15 14:58:37.476328', 'BOARD_NEW', b'0', 8, NULL, 42),
	(643, '2025-06-15 14:58:37.476328', '2025-06-15 14:58:37.476328', 'BOARD_NEW', b'0', 8, NULL, 43),
	(644, '2025-06-15 14:58:37.476328', '2025-06-15 14:58:37.476328', 'BOARD_NEW', b'0', 8, NULL, 44),
	(645, '2025-06-15 14:58:37.476328', '2025-06-15 14:58:37.476328', 'BOARD_NEW', b'0', 8, NULL, 45),
	(646, '2025-06-15 14:58:37.489132', '2025-06-15 14:58:37.489132', 'BOARD_NEW', b'0', 8, NULL, 46),
	(647, '2025-06-15 14:58:37.490257', '2025-06-15 14:58:37.490257', 'BOARD_NEW', b'0', 8, NULL, 47),
	(648, '2025-06-15 14:58:37.491256', '2025-06-15 14:58:37.491256', 'BOARD_NEW', b'0', 8, NULL, 48),
	(649, '2025-06-15 14:58:37.492357', '2025-06-15 14:58:37.492357', 'BOARD_NEW', b'0', 8, NULL, 49),
	(650, '2025-06-15 14:58:37.493348', '2025-06-15 14:58:37.493348', 'BOARD_NEW', b'0', 8, NULL, 50),
	(651, '2025-06-15 14:58:37.494370', '2025-06-15 14:58:37.494370', 'BOARD_NEW', b'0', 8, NULL, 51),
	(652, '2025-06-15 14:58:37.495349', '2025-06-15 14:58:37.495349', 'BOARD_NEW', b'0', 8, NULL, 52),
	(653, '2025-06-15 14:58:37.496276', '2025-06-15 14:58:37.496276', 'BOARD_NEW', b'0', 8, NULL, 53),
	(654, '2025-06-15 14:58:37.497295', '2025-06-15 14:58:37.497295', 'BOARD_NEW', b'0', 8, NULL, 54),
	(655, '2025-06-15 14:58:37.498366', '2025-06-15 14:58:37.498366', 'BOARD_NEW', b'0', 8, NULL, 55),
	(656, '2025-06-15 14:58:37.499330', '2025-06-15 14:58:37.499330', 'BOARD_NEW', b'0', 8, NULL, 56),
	(657, '2025-06-15 14:58:37.500387', '2025-06-15 14:58:37.500387', 'BOARD_NEW', b'0', 8, NULL, 57),
	(658, '2025-06-15 14:58:37.501451', '2025-06-15 14:58:37.501451', 'BOARD_NEW', b'0', 8, NULL, 58),
	(659, '2025-06-15 14:58:37.502307', '2025-06-15 14:58:37.502307', 'BOARD_NEW', b'0', 8, NULL, 59),
	(660, '2025-06-15 14:58:37.503338', '2025-06-15 14:58:37.503338', 'BOARD_NEW', b'0', 8, NULL, 60),
	(661, '2025-06-15 14:58:37.504315', '2025-06-15 14:58:37.504315', 'BOARD_NEW', b'0', 8, NULL, 61),
	(662, '2025-06-15 14:58:37.504315', '2025-06-15 14:58:37.504315', 'BOARD_NEW', b'0', 8, NULL, 62),
	(663, '2025-06-15 14:58:37.506142', '2025-06-15 14:58:37.506142', 'BOARD_NEW', b'0', 8, NULL, 63),
	(664, '2025-06-15 14:58:37.506482', '2025-06-15 14:58:37.506482', 'BOARD_NEW', b'0', 8, NULL, 64),
	(665, '2025-06-15 14:58:37.507287', '2025-06-15 14:58:37.507287', 'BOARD_NEW', b'0', 8, NULL, 65),
	(666, '2025-06-15 14:58:37.508279', '2025-06-15 14:58:37.508279', 'BOARD_NEW', b'0', 8, NULL, 66),
	(667, '2025-06-15 14:58:37.509331', '2025-06-15 14:58:37.509331', 'BOARD_NEW', b'0', 8, NULL, 67),
	(668, '2025-06-15 14:58:37.510304', '2025-06-15 14:58:37.510304', 'BOARD_NEW', b'0', 8, NULL, 68),
	(669, '2025-06-15 14:58:37.511266', '2025-06-15 14:58:37.511266', 'BOARD_NEW', b'0', 8, NULL, 69),
	(670, '2025-06-15 14:58:37.512197', '2025-06-15 14:58:37.512197', 'BOARD_NEW', b'0', 8, NULL, 70),
	(671, '2025-06-15 14:58:37.512540', '2025-06-15 14:58:37.512540', 'BOARD_NEW', b'0', 8, NULL, 71),
	(672, '2025-06-15 14:58:37.513627', '2025-06-15 14:58:37.513627', 'BOARD_NEW', b'0', 8, NULL, 72),
	(673, '2025-06-15 14:58:37.514626', '2025-06-15 14:58:37.514626', 'BOARD_NEW', b'0', 8, NULL, 73),
	(674, '2025-06-15 14:58:37.516363', '2025-06-15 14:58:37.516363', 'BOARD_NEW', b'0', 8, NULL, 74),
	(675, '2025-06-15 14:58:37.516363', '2025-06-15 14:58:37.516363', 'BOARD_NEW', b'0', 8, NULL, 75),
	(676, '2025-06-15 14:58:37.517397', '2025-06-15 14:58:37.517397', 'BOARD_NEW', b'0', 8, NULL, 76),
	(677, '2025-06-15 14:58:37.518599', '2025-06-15 14:58:37.518599', 'BOARD_NEW', b'0', 8, NULL, 77),
	(678, '2025-06-15 14:58:37.519301', '2025-06-15 14:58:37.519301', 'BOARD_NEW', b'0', 8, NULL, 78),
	(679, '2025-06-15 14:58:37.520293', '2025-06-15 14:58:37.520293', 'BOARD_NEW', b'0', 8, NULL, 79),
	(680, '2025-06-15 14:58:37.521306', '2025-06-15 14:58:37.521306', 'BOARD_NEW', b'0', 8, NULL, 80),
	(681, '2025-06-15 14:58:37.522308', '2025-06-15 14:58:37.522308', 'BOARD_NEW', b'0', 8, NULL, 81),
	(682, '2025-06-15 14:58:37.523303', '2025-06-15 14:58:37.523303', 'BOARD_NEW', b'0', 8, NULL, 82),
	(683, '2025-06-15 14:58:37.524638', '2025-06-15 14:58:37.524638', 'BOARD_NEW', b'0', 8, NULL, 83),
	(684, '2025-06-15 14:58:37.525336', '2025-06-15 14:58:37.525336', 'BOARD_NEW', b'0', 8, NULL, 84),
	(685, '2025-06-15 14:58:37.525336', '2025-06-15 14:58:37.525336', 'BOARD_NEW', b'0', 8, NULL, 85),
	(686, '2025-06-15 14:58:37.525336', '2025-06-15 14:58:37.525336', 'BOARD_NEW', b'0', 8, NULL, 86),
	(687, '2025-06-15 14:58:37.525336', '2025-06-15 14:58:37.525336', 'BOARD_NEW', b'0', 8, NULL, 87),
	(688, '2025-06-15 14:58:37.525336', '2025-06-15 14:58:37.525336', 'BOARD_NEW', b'0', 8, NULL, 88),
	(689, '2025-06-15 14:58:37.525336', '2025-06-15 14:58:37.525336', 'BOARD_NEW', b'0', 8, NULL, 89),
	(690, '2025-06-15 14:58:37.530397', '2025-06-15 14:58:37.530397', 'BOARD_NEW', b'0', 8, NULL, 90),
	(691, '2025-06-15 14:58:37.531404', '2025-06-15 14:58:37.531404', 'BOARD_NEW', b'0', 8, NULL, 91),
	(692, '2025-06-15 14:58:37.532404', '2025-06-15 14:58:37.532404', 'BOARD_NEW', b'0', 8, NULL, 92),
	(693, '2025-06-15 14:58:37.533405', '2025-06-15 14:58:37.533405', 'BOARD_NEW', b'0', 8, NULL, 93),
	(694, '2025-06-15 14:58:37.534404', '2025-06-15 14:58:37.534404', 'BOARD_NEW', b'0', 8, NULL, 94),
	(695, '2025-06-15 14:58:37.535403', '2025-06-15 14:58:37.535403', 'BOARD_NEW', b'0', 8, NULL, 95),
	(696, '2025-06-15 14:58:37.535403', '2025-06-15 14:58:37.535403', 'BOARD_NEW', b'0', 8, NULL, 96),
	(697, '2025-06-15 14:58:37.536403', '2025-06-15 14:58:37.536403', 'BOARD_NEW', b'0', 8, NULL, 97),
	(698, '2025-06-15 14:58:37.537403', '2025-06-15 14:58:37.537403', 'BOARD_NEW', b'0', 8, NULL, 98),
	(699, '2025-06-15 14:58:37.538403', '2025-06-15 14:58:37.538403', 'BOARD_NEW', b'0', 8, NULL, 99),
	(700, '2025-06-15 14:58:37.539404', '2025-06-15 14:58:37.539404', 'BOARD_NEW', b'0', 8, NULL, 100),
	(701, '2025-06-15 14:59:11.965724', '2025-06-15 14:59:11.965724', 'BOARD_NEW', b'1', 9, NULL, 1),
	(702, '2025-06-15 14:59:11.967728', '2025-06-15 14:59:11.967728', 'BOARD_NEW', b'1', 9, NULL, 2),
	(703, '2025-06-15 14:59:11.967728', '2025-06-15 14:59:11.967728', 'BOARD_NEW', b'0', 9, NULL, 3),
	(704, '2025-06-15 14:59:11.967728', '2025-06-15 14:59:11.967728', 'BOARD_NEW', b'0', 9, NULL, 4),
	(705, '2025-06-15 14:59:11.969731', '2025-06-15 14:59:11.969731', 'BOARD_NEW', b'0', 9, NULL, 5),
	(706, '2025-06-15 14:59:11.969731', '2025-06-15 14:59:11.969731', 'BOARD_NEW', b'0', 9, NULL, 6),
	(707, '2025-06-15 14:59:11.971735', '2025-06-15 14:59:11.971735', 'BOARD_NEW', b'0', 9, NULL, 7),
	(708, '2025-06-15 14:59:11.971735', '2025-06-15 14:59:11.971735', 'BOARD_NEW', b'0', 9, NULL, 8),
	(709, '2025-06-15 14:59:11.971735', '2025-06-15 14:59:11.971735', 'BOARD_NEW', b'0', 9, NULL, 9),
	(710, '2025-06-15 14:59:11.973739', '2025-06-15 14:59:11.973739', 'BOARD_NEW', b'0', 9, NULL, 10),
	(711, '2025-06-15 14:59:11.973739', '2025-06-15 14:59:11.973739', 'BOARD_NEW', b'0', 9, NULL, 11),
	(712, '2025-06-15 14:59:11.973739', '2025-06-15 14:59:11.973739', 'BOARD_NEW', b'0', 9, NULL, 12),
	(713, '2025-06-15 14:59:11.975744', '2025-06-15 14:59:11.975744', 'BOARD_NEW', b'0', 9, NULL, 13),
	(714, '2025-06-15 14:59:11.975744', '2025-06-15 14:59:11.975744', 'BOARD_NEW', b'0', 9, NULL, 14),
	(715, '2025-06-15 14:59:11.975744', '2025-06-15 14:59:11.975744', 'BOARD_NEW', b'0', 9, NULL, 15),
	(716, '2025-06-15 14:59:11.977749', '2025-06-15 14:59:11.977749', 'BOARD_NEW', b'0', 9, NULL, 16),
	(717, '2025-06-15 14:59:11.977749', '2025-06-15 14:59:11.977749', 'BOARD_NEW', b'0', 9, NULL, 17),
	(718, '2025-06-15 14:59:11.979754', '2025-06-15 14:59:11.979754', 'BOARD_NEW', b'0', 9, NULL, 18),
	(719, '2025-06-15 14:59:11.981759', '2025-06-15 14:59:11.981759', 'BOARD_NEW', b'0', 9, NULL, 19),
	(720, '2025-06-15 14:59:11.981759', '2025-06-15 14:59:11.981759', 'BOARD_NEW', b'0', 9, NULL, 20),
	(721, '2025-06-15 14:59:11.983763', '2025-06-15 14:59:11.983763', 'BOARD_NEW', b'0', 9, NULL, 21),
	(722, '2025-06-15 14:59:11.983763', '2025-06-15 14:59:11.983763', 'BOARD_NEW', b'0', 9, NULL, 22),
	(723, '2025-06-15 14:59:11.983763', '2025-06-15 14:59:11.983763', 'BOARD_NEW', b'0', 9, NULL, 23),
	(724, '2025-06-15 14:59:11.985766', '2025-06-15 14:59:11.985766', 'BOARD_NEW', b'0', 9, NULL, 24),
	(725, '2025-06-15 14:59:11.985766', '2025-06-15 14:59:11.985766', 'BOARD_NEW', b'0', 9, NULL, 25),
	(726, '2025-06-15 14:59:11.985766', '2025-06-15 14:59:11.985766', 'BOARD_NEW', b'0', 9, NULL, 26),
	(727, '2025-06-15 14:59:11.987769', '2025-06-15 14:59:11.987769', 'BOARD_NEW', b'0', 9, NULL, 27),
	(728, '2025-06-15 14:59:11.987769', '2025-06-15 14:59:11.987769', 'BOARD_NEW', b'0', 9, NULL, 28),
	(729, '2025-06-15 14:59:11.989513', '2025-06-15 14:59:11.989513', 'BOARD_NEW', b'0', 9, NULL, 29),
	(730, '2025-06-15 14:59:11.989513', '2025-06-15 14:59:11.989513', 'BOARD_NEW', b'0', 9, NULL, 30),
	(731, '2025-06-15 14:59:11.989513', '2025-06-15 14:59:11.989513', 'BOARD_NEW', b'0', 9, NULL, 31),
	(732, '2025-06-15 14:59:11.989513', '2025-06-15 14:59:11.989513', 'BOARD_NEW', b'0', 9, NULL, 32),
	(733, '2025-06-15 14:59:11.989513', '2025-06-15 14:59:11.989513', 'BOARD_NEW', b'0', 9, NULL, 33),
	(734, '2025-06-15 14:59:11.989513', '2025-06-15 14:59:11.989513', 'BOARD_NEW', b'0', 9, NULL, 34),
	(735, '2025-06-15 14:59:11.989513', '2025-06-15 14:59:11.989513', 'BOARD_NEW', b'0', 9, NULL, 35),
	(736, '2025-06-15 14:59:11.989513', '2025-06-15 14:59:11.989513', 'BOARD_NEW', b'0', 9, NULL, 36),
	(737, '2025-06-15 14:59:11.989513', '2025-06-15 14:59:11.989513', 'BOARD_NEW', b'0', 9, NULL, 37),
	(738, '2025-06-15 14:59:11.989513', '2025-06-15 14:59:11.989513', 'BOARD_NEW', b'0', 9, NULL, 38),
	(739, '2025-06-15 14:59:11.989513', '2025-06-15 14:59:11.989513', 'BOARD_NEW', b'0', 9, NULL, 39),
	(740, '2025-06-15 14:59:11.989513', '2025-06-15 14:59:11.989513', 'BOARD_NEW', b'0', 9, NULL, 40),
	(741, '2025-06-15 14:59:11.989513', '2025-06-15 14:59:11.989513', 'BOARD_NEW', b'0', 9, NULL, 41),
	(742, '2025-06-15 14:59:11.989513', '2025-06-15 14:59:11.989513', 'BOARD_NEW', b'0', 9, NULL, 42),
	(743, '2025-06-15 14:59:11.989513', '2025-06-15 14:59:11.989513', 'BOARD_NEW', b'0', 9, NULL, 43),
	(744, '2025-06-15 14:59:11.989513', '2025-06-15 14:59:11.989513', 'BOARD_NEW', b'0', 9, NULL, 44),
	(745, '2025-06-15 14:59:11.989513', '2025-06-15 14:59:11.989513', 'BOARD_NEW', b'0', 9, NULL, 45),
	(746, '2025-06-15 14:59:11.989513', '2025-06-15 14:59:11.989513', 'BOARD_NEW', b'0', 9, NULL, 46),
	(747, '2025-06-15 14:59:11.989513', '2025-06-15 14:59:11.989513', 'BOARD_NEW', b'0', 9, NULL, 47),
	(748, '2025-06-15 14:59:11.989513', '2025-06-15 14:59:11.989513', 'BOARD_NEW', b'0', 9, NULL, 48),
	(749, '2025-06-15 14:59:11.989513', '2025-06-15 14:59:11.989513', 'BOARD_NEW', b'0', 9, NULL, 49),
	(750, '2025-06-15 14:59:11.989513', '2025-06-15 14:59:11.989513', 'BOARD_NEW', b'0', 9, NULL, 50),
	(751, '2025-06-15 14:59:12.005163', '2025-06-15 14:59:12.005163', 'BOARD_NEW', b'0', 9, NULL, 51),
	(752, '2025-06-15 14:59:12.005163', '2025-06-15 14:59:12.005163', 'BOARD_NEW', b'0', 9, NULL, 52),
	(753, '2025-06-15 14:59:12.005163', '2025-06-15 14:59:12.005163', 'BOARD_NEW', b'0', 9, NULL, 53),
	(754, '2025-06-15 14:59:12.005163', '2025-06-15 14:59:12.005163', 'BOARD_NEW', b'0', 9, NULL, 54),
	(755, '2025-06-15 14:59:12.005163', '2025-06-15 14:59:12.005163', 'BOARD_NEW', b'0', 9, NULL, 55),
	(756, '2025-06-15 14:59:12.005163', '2025-06-15 14:59:12.005163', 'BOARD_NEW', b'0', 9, NULL, 56),
	(757, '2025-06-15 14:59:12.005163', '2025-06-15 14:59:12.005163', 'BOARD_NEW', b'0', 9, NULL, 57),
	(758, '2025-06-15 14:59:12.005163', '2025-06-15 14:59:12.005163', 'BOARD_NEW', b'0', 9, NULL, 58),
	(759, '2025-06-15 14:59:12.005163', '2025-06-15 14:59:12.005163', 'BOARD_NEW', b'0', 9, NULL, 59),
	(760, '2025-06-15 14:59:12.005163', '2025-06-15 14:59:12.005163', 'BOARD_NEW', b'0', 9, NULL, 60),
	(761, '2025-06-15 14:59:12.005163', '2025-06-15 14:59:12.005163', 'BOARD_NEW', b'0', 9, NULL, 61),
	(762, '2025-06-15 14:59:12.005163', '2025-06-15 14:59:12.005163', 'BOARD_NEW', b'0', 9, NULL, 62),
	(763, '2025-06-15 14:59:12.005163', '2025-06-15 14:59:12.005163', 'BOARD_NEW', b'0', 9, NULL, 63),
	(764, '2025-06-15 14:59:12.005163', '2025-06-15 14:59:12.005163', 'BOARD_NEW', b'0', 9, NULL, 64),
	(765, '2025-06-15 14:59:12.005163', '2025-06-15 14:59:12.005163', 'BOARD_NEW', b'0', 9, NULL, 65),
	(766, '2025-06-15 14:59:12.005163', '2025-06-15 14:59:12.005163', 'BOARD_NEW', b'0', 9, NULL, 66),
	(767, '2025-06-15 14:59:12.005163', '2025-06-15 14:59:12.005163', 'BOARD_NEW', b'0', 9, NULL, 67),
	(768, '2025-06-15 14:59:12.005163', '2025-06-15 14:59:12.005163', 'BOARD_NEW', b'0', 9, NULL, 68),
	(769, '2025-06-15 14:59:12.005163', '2025-06-15 14:59:12.005163', 'BOARD_NEW', b'0', 9, NULL, 69),
	(770, '2025-06-15 14:59:12.005163', '2025-06-15 14:59:12.005163', 'BOARD_NEW', b'0', 9, NULL, 70),
	(771, '2025-06-15 14:59:12.005163', '2025-06-15 14:59:12.005163', 'BOARD_NEW', b'0', 9, NULL, 71),
	(772, '2025-06-15 14:59:12.005163', '2025-06-15 14:59:12.005163', 'BOARD_NEW', b'0', 9, NULL, 72),
	(773, '2025-06-15 14:59:12.005163', '2025-06-15 14:59:12.005163', 'BOARD_NEW', b'0', 9, NULL, 73),
	(774, '2025-06-15 14:59:12.020847', '2025-06-15 14:59:12.020847', 'BOARD_NEW', b'0', 9, NULL, 74),
	(775, '2025-06-15 14:59:12.020847', '2025-06-15 14:59:12.020847', 'BOARD_NEW', b'0', 9, NULL, 75),
	(776, '2025-06-15 14:59:12.020847', '2025-06-15 14:59:12.020847', 'BOARD_NEW', b'0', 9, NULL, 76),
	(777, '2025-06-15 14:59:12.020847', '2025-06-15 14:59:12.020847', 'BOARD_NEW', b'0', 9, NULL, 77),
	(778, '2025-06-15 14:59:12.020847', '2025-06-15 14:59:12.020847', 'BOARD_NEW', b'0', 9, NULL, 78),
	(779, '2025-06-15 14:59:12.020847', '2025-06-15 14:59:12.020847', 'BOARD_NEW', b'0', 9, NULL, 79),
	(780, '2025-06-15 14:59:12.020847', '2025-06-15 14:59:12.020847', 'BOARD_NEW', b'0', 9, NULL, 80),
	(781, '2025-06-15 14:59:12.020847', '2025-06-15 14:59:12.020847', 'BOARD_NEW', b'0', 9, NULL, 81),
	(782, '2025-06-15 14:59:12.020847', '2025-06-15 14:59:12.020847', 'BOARD_NEW', b'0', 9, NULL, 82),
	(783, '2025-06-15 14:59:12.020847', '2025-06-15 14:59:12.020847', 'BOARD_NEW', b'0', 9, NULL, 83),
	(784, '2025-06-15 14:59:12.020847', '2025-06-15 14:59:12.020847', 'BOARD_NEW', b'0', 9, NULL, 84),
	(785, '2025-06-15 14:59:12.020847', '2025-06-15 14:59:12.020847', 'BOARD_NEW', b'0', 9, NULL, 85),
	(786, '2025-06-15 14:59:12.020847', '2025-06-15 14:59:12.020847', 'BOARD_NEW', b'0', 9, NULL, 86),
	(787, '2025-06-15 14:59:12.020847', '2025-06-15 14:59:12.020847', 'BOARD_NEW', b'0', 9, NULL, 87),
	(788, '2025-06-15 14:59:12.020847', '2025-06-15 14:59:12.020847', 'BOARD_NEW', b'0', 9, NULL, 88),
	(789, '2025-06-15 14:59:12.020847', '2025-06-15 14:59:12.020847', 'BOARD_NEW', b'0', 9, NULL, 89),
	(790, '2025-06-15 14:59:12.020847', '2025-06-15 14:59:12.020847', 'BOARD_NEW', b'0', 9, NULL, 90),
	(791, '2025-06-15 14:59:12.020847', '2025-06-15 14:59:12.020847', 'BOARD_NEW', b'0', 9, NULL, 91),
	(792, '2025-06-15 14:59:12.032425', '2025-06-15 14:59:12.032425', 'BOARD_NEW', b'0', 9, NULL, 92),
	(793, '2025-06-15 14:59:12.032425', '2025-06-15 14:59:12.032425', 'BOARD_NEW', b'0', 9, NULL, 93),
	(794, '2025-06-15 14:59:12.032425', '2025-06-15 14:59:12.032425', 'BOARD_NEW', b'0', 9, NULL, 94),
	(795, '2025-06-15 14:59:12.032425', '2025-06-15 14:59:12.032425', 'BOARD_NEW', b'0', 9, NULL, 95),
	(796, '2025-06-15 14:59:12.032425', '2025-06-15 14:59:12.032425', 'BOARD_NEW', b'0', 9, NULL, 96),
	(797, '2025-06-15 14:59:12.032425', '2025-06-15 14:59:12.032425', 'BOARD_NEW', b'0', 9, NULL, 97),
	(798, '2025-06-15 14:59:12.032425', '2025-06-15 14:59:12.032425', 'BOARD_NEW', b'0', 9, NULL, 98),
	(799, '2025-06-15 14:59:12.039043', '2025-06-15 14:59:12.039043', 'BOARD_NEW', b'0', 9, NULL, 99),
	(800, '2025-06-15 14:59:12.039043', '2025-06-15 14:59:12.039043', 'BOARD_NEW', b'0', 9, NULL, 100);

-- 테이블 test.board 구조 내보내기
CREATE TABLE IF NOT EXISTS `board` (
  `board_id` bigint NOT NULL AUTO_INCREMENT,
  `created_date` datetime(6) DEFAULT NULL,
  `updated_at` datetime(6) NOT NULL,
  `content` text NOT NULL,
  `title` varchar(255) NOT NULL,
  `type` enum('ANONYM','EVENT','FREE','NOTICE') DEFAULT NULL,
  `author_id` bigint DEFAULT NULL,
  PRIMARY KEY (`board_id`),
  KEY `FKj1gov798rlp3rwu1kd29201r0` (`author_id`),
  CONSTRAINT `FKj1gov798rlp3rwu1kd29201r0` FOREIGN KEY (`author_id`) REFERENCES `employee` (`employee_id`)
) ENGINE=InnoDB AUTO_INCREMENT=12 DEFAULT CHARSET=utf8mb4 COLLATE=utf8mb4_0900_ai_ci;

-- 테이블 데이터 test.board:~9 rows (대략적) 내보내기
DELETE FROM `board`;
INSERT INTO `board` (`board_id`, `created_date`, `updated_at`, `content`, `title`, `type`, `author_id`) VALUES
	(1, '2025-06-15 01:03:16.250941', '2025-06-15 01:56:55.375801', '안녕하세요,\n2025년 6월 정기 회의 일정을 안내드립니다.\n\n일시: 2025년 6월 20일(금) 오전 10시\n\n장소: 3층 대회의실\n\n참석 대상: 전 직원\n회의 안건은 추후 메일로 공유드릴 예정이오니, 일정에 참고해주시기 바랍니다.\n\n감사합니다.', ' 정기 회의 일정 안내', 'NOTICE', 1),
	(2, '2025-06-15 01:03:45.901488', '2025-06-15 01:03:45.901488', '안녕하세요, 인사팀입니다.\n전사 워크숍 일정을 다음과 같이 안내드립니다.\n\n일시: 2025년 7월 3일(목) ~ 7월 4일(금)\n\n장소: 경기도 가평 XX리조트\n참석 여부는 6월 20일까지 부서장에게 전달 부탁드립니다.', '워크숍 일정 공지', 'NOTICE', 1),
	(3, '2025-06-15 01:04:05.757639', '2025-06-15 01:04:05.757639', '안녕하세요, IT팀입니다.\n사내 시스템 점검이 아래와 같이 진행될 예정입니다.\n\n일시: 2025년 6월 22일(일) 00:00 ~ 06:00\n점검 시간 동안 일부 서비스 이용이 제한될 수 있으니, 업무에 참고해주시기 바랍니다.', '시스템 점검 일정 안내', 'NOTICE', 1),
	(4, '2025-06-15 01:04:21.157567', '2025-06-15 01:04:21.157567', '안녕하세요,\n2025년 상반기 연차 사용을 독려드립니다.\n\n기간: 2025년 6월 30일까지\n미사용 연차가 있으신 분들은 부서장과 협의하여 사용 계획을 세워주시기 바랍니다.', '휴가 사용 독려 공지', 'NOTICE', 1),
	(5, '2025-06-15 01:04:39.026965', '2025-06-15 01:04:39.026965', '안녕하세요, 교육팀입니다.\n2025년 6월 사내 교육 일정을 안내드립니다.\n\n일시: 2025년 6월 25일(수) 오후 2시\n\n장소: 2층 세미나실\n\n주제: 업무 효율성 향상 방안\n관심 있는 분들의 많은 참여 부탁드립니다.', '사내 교육 일정 안내', 'NOTICE', 1),
	(7, '2025-06-15 01:17:54.676355', '2025-06-15 01:17:54.676355', '히힛!', '돈 좀 줘', 'ANONYM', 1),
	(8, '2025-06-15 14:58:37.402907', '2025-06-15 14:58:37.402907', ' 안녕하세요.\n인사과에서 알려드립니다.\nOOO 사장님께서 회식자리를 마련하셔서 하기와 같이 안내드리오니, 빠짐없이 참석 부탁드립니다.\n\n감사합니다.\n\n◎ 일 시 : 2025. 06. OO (목) 18:30분\n\n◎ 장 소 : 서울시 강남구 역삼동 OOO-OO ☆☆ 삼겹살 (02-0000-0000)', ' 6월 회식 공지 합니다.', 'NOTICE', 1),
	(9, '2025-06-15 14:59:11.951764', '2025-06-15 14:59:11.951764', '여름철을 맞이하여, 회사내 전기 사용량이 증가하고 있습니다.\n\n사원 여러분께서는 아래 내용을 참고, 비용 절감에 일조할 수 이쏘록 협조하여 주시기 바랍니다.\n\n1. 가급적이면 문어발식 콘센트 사용을 금지 합니다.\n2. 사용하지 않는 콘센트는 모두 제거하여 주시기 바랍니다.\n3. 실내온도는 26도 전후로 고정 사용\n4. 탕비실 냉자고 문을 자주 여닫지 마시고 냉장고 안에 드시지 않는 음식 정리 부탁드립니다.\n\n작은 실천 하나가 여름철 에너지 절약에 큰 도움이 됩니다.', '여름철 회사내 전기절약 안내문', 'NOTICE', 1),
	(10, '2025-06-15 16:58:55.588071', '2025-06-15 16:58:55.588071', ' 자유덩', '자유덩', 'FREE', 1);

-- 테이블 test.board_image 구조 내보내기
CREATE TABLE IF NOT EXISTS `board_image` (
  `img_id` bigint NOT NULL AUTO_INCREMENT,
  `s3path` varchar(255) NOT NULL,
  `author_id` bigint DEFAULT NULL,
  `board_id` bigint NOT NULL,
  PRIMARY KEY (`img_id`),
  KEY `FKlqxo5c9xf5cnh6jmercynyht6` (`author_id`),
  KEY `FKp567mlnww479xgirmd98kcqnp` (`board_id`),
  CONSTRAINT `FKlqxo5c9xf5cnh6jmercynyht6` FOREIGN KEY (`author_id`) REFERENCES `employee` (`employee_id`),
  CONSTRAINT `FKp567mlnww479xgirmd98kcqnp` FOREIGN KEY (`board_id`) REFERENCES `board` (`board_id`)
) ENGINE=InnoDB DEFAULT CHARSET=utf8mb4 COLLATE=utf8mb4_0900_ai_ci;

-- 테이블 데이터 test.board_image:~0 rows (대략적) 내보내기
DELETE FROM `board_image`;

-- 테이블 test.chat_message 구조 내보내기
CREATE TABLE IF NOT EXISTS `chat_message` (
  `id` bigint NOT NULL AUTO_INCREMENT,
  `content` varchar(255) DEFAULT NULL,
  `sent_at` datetime(6) DEFAULT NULL,
  `chat_room_id` bigint DEFAULT NULL,
  `sender_id` bigint DEFAULT NULL,
  PRIMARY KEY (`id`),
  KEY `FKj52yap2xrm9u0721dct0tjor9` (`chat_room_id`),
  KEY `FKtrj7rdl2pe9915jkmplqd1fvu` (`sender_id`),
  CONSTRAINT `FKj52yap2xrm9u0721dct0tjor9` FOREIGN KEY (`chat_room_id`) REFERENCES `chat_room` (`id`),
  CONSTRAINT `FKtrj7rdl2pe9915jkmplqd1fvu` FOREIGN KEY (`sender_id`) REFERENCES `employee` (`employee_id`)
) ENGINE=InnoDB DEFAULT CHARSET=utf8mb4 COLLATE=utf8mb4_0900_ai_ci;

-- 테이블 데이터 test.chat_message:~0 rows (대략적) 내보내기
DELETE FROM `chat_message`;

-- 테이블 test.chat_room 구조 내보내기
CREATE TABLE IF NOT EXISTS `chat_room` (
  `id` bigint NOT NULL AUTO_INCREMENT,
  `created_at` datetime(6) DEFAULT NULL,
  `title` varchar(255) DEFAULT NULL,
  PRIMARY KEY (`id`)
) ENGINE=InnoDB DEFAULT CHARSET=utf8mb4 COLLATE=utf8mb4_0900_ai_ci;

-- 테이블 데이터 test.chat_room:~0 rows (대략적) 내보내기
DELETE FROM `chat_room`;

-- 테이블 test.chat_room_employee 구조 내보내기
CREATE TABLE IF NOT EXISTS `chat_room_employee` (
  `id` bigint NOT NULL AUTO_INCREMENT,
  `active` bit(1) DEFAULT NULL,
  `last_exit_at` datetime(6) DEFAULT NULL,
  `last_read_at` datetime(6) DEFAULT NULL,
  `last_read_message_id` bigint DEFAULT NULL,
  `chat_room_id` bigint DEFAULT NULL,
  `employee_id` bigint DEFAULT NULL,
  PRIMARY KEY (`id`),
  KEY `FK9h4knocjrbu5yv92pmbm2omc6` (`chat_room_id`),
  KEY `FKouq1tmjg1etddifta7oqqya6m` (`employee_id`),
  CONSTRAINT `FK9h4knocjrbu5yv92pmbm2omc6` FOREIGN KEY (`chat_room_id`) REFERENCES `chat_room` (`id`),
  CONSTRAINT `FKouq1tmjg1etddifta7oqqya6m` FOREIGN KEY (`employee_id`) REFERENCES `employee` (`employee_id`)
) ENGINE=InnoDB DEFAULT CHARSET=utf8mb4 COLLATE=utf8mb4_0900_ai_ci;

-- 테이블 데이터 test.chat_room_employee:~0 rows (대략적) 내보내기
DELETE FROM `chat_room_employee`;

-- 테이블 test.comment 구조 내보내기
CREATE TABLE IF NOT EXISTS `comment` (
  `comment_id` bigint NOT NULL AUTO_INCREMENT,
  `created_date` datetime(6) DEFAULT NULL,
  `updated_at` datetime(6) NOT NULL,
  `comment` varchar(255) NOT NULL,
  `author_id` bigint DEFAULT NULL,
  `board_id` bigint DEFAULT NULL,
  `parent_id` bigint DEFAULT NULL,
  PRIMARY KEY (`comment_id`),
  KEY `FK3mpeouq2ia9wkvmkiow9uppf3` (`author_id`),
  KEY `FKlij9oor1nav89jeat35s6kbp1` (`board_id`),
  KEY `FKde3rfu96lep00br5ov0mdieyt` (`parent_id`),
  CONSTRAINT `FK3mpeouq2ia9wkvmkiow9uppf3` FOREIGN KEY (`author_id`) REFERENCES `employee` (`employee_id`),
  CONSTRAINT `FKde3rfu96lep00br5ov0mdieyt` FOREIGN KEY (`parent_id`) REFERENCES `comment` (`comment_id`),
  CONSTRAINT `FKlij9oor1nav89jeat35s6kbp1` FOREIGN KEY (`board_id`) REFERENCES `board` (`board_id`)
) ENGINE=InnoDB DEFAULT CHARSET=utf8mb4 COLLATE=utf8mb4_0900_ai_ci;

-- 테이블 데이터 test.comment:~0 rows (대략적) 내보내기
DELETE FROM `comment`;

-- 테이블 test.dept 구조 내보내기
CREATE TABLE IF NOT EXISTS `dept` (
  `dept_id` bigint NOT NULL AUTO_INCREMENT,
  `dept_name` varchar(255) DEFAULT NULL,
  `location` varchar(255) DEFAULT NULL,
  `head_id` bigint DEFAULT NULL,
  `parent_dept_id` bigint DEFAULT NULL,
  PRIMARY KEY (`dept_id`),
  UNIQUE KEY `UKpfwqalcjyqjh37omttinq5jtl` (`head_id`),
  KEY `FKhbs8yfeciw8j7sabe90qh30hl` (`parent_dept_id`),
  CONSTRAINT `FKhbs8yfeciw8j7sabe90qh30hl` FOREIGN KEY (`parent_dept_id`) REFERENCES `dept` (`dept_id`),
  CONSTRAINT `FKmge8wb86610fg443fcns407m4` FOREIGN KEY (`head_id`) REFERENCES `employee` (`employee_id`)
) ENGINE=InnoDB AUTO_INCREMENT=11 DEFAULT CHARSET=utf8mb4 COLLATE=utf8mb4_0900_ai_ci;

-- 테이블 데이터 test.dept:~0 rows (대략적) 내보내기
DELETE FROM `dept`;
INSERT INTO `dept` (`dept_id`, `dept_name`, `location`, `head_id`, `parent_dept_id`) VALUES
	(1, 'CEO', '본사', 1, NULL),
	(2, '경영진', '본사', 2, 1),
	(3, '개발매니져팀', '개발본부', 3, 2),
	(4, '디자인매니져팀', '디자인본부', 4, 2),
	(5, '고객대응팀', '고객센터', 5, 2),
	(6, '인사과', '인사팀', 6, 2),
	(7, '개발1팀', '개발본부 3층', 7, 3),
	(8, '개발2팀', '개발본부 4층', 8, 3),
	(9, '디자인1팀', '디자인관 201호', 9, 4),
	(10, '디자인2팀', '디자인관 202호', 10, 4);

-- 테이블 test.document 구조 내보내기
CREATE TABLE IF NOT EXISTS `document` (
  `doc_id` bigint NOT NULL AUTO_INCREMENT,
  `content` varchar(255) DEFAULT NULL,
  `sub_title` varchar(255) DEFAULT NULL,
  `title` varchar(255) DEFAULT NULL,
  `version` bigint DEFAULT NULL,
  `author_id` bigint DEFAULT NULL,
  `task_id` bigint DEFAULT NULL,
  PRIMARY KEY (`doc_id`),
  UNIQUE KEY `UKljlh2uedjnj1k5xmh486sp0t1` (`task_id`),
  KEY `FKrn5l5kf51u9dsve9i5v5rlcwq` (`author_id`),
  CONSTRAINT `FKh5cchnpa6yekfuhqutgi5fsng` FOREIGN KEY (`task_id`) REFERENCES `task` (`task_id`),
  CONSTRAINT `FKrn5l5kf51u9dsve9i5v5rlcwq` FOREIGN KEY (`author_id`) REFERENCES `employee` (`employee_id`)
) ENGINE=InnoDB DEFAULT CHARSET=utf8mb4 COLLATE=utf8mb4_0900_ai_ci;

-- 테이블 데이터 test.document:~0 rows (대략적) 내보내기
DELETE FROM `document`;

-- 테이블 test.employee 구조 내보내기
CREATE TABLE IF NOT EXISTS `employee` (
  `employee_id` bigint NOT NULL AUTO_INCREMENT,
  `created_date` datetime(6) DEFAULT NULL,
  `updated_at` datetime(6) NOT NULL,
  `address` varchar(255) DEFAULT NULL,
  `base_salary` bigint DEFAULT NULL,
  `date_of_birth` varchar(255) NOT NULL,
  `login_id` varchar(255) NOT NULL,
  `name` varchar(255) NOT NULL,
  `password` varchar(255) NOT NULL,
  `phone_number` varchar(255) NOT NULL,
  `position` enum('CEO','EXECUTIVE','MANAGER','NEWBIE','STAFF','TEAM_LEADER') DEFAULT NULL,
  `profile` varchar(255) DEFAULT NULL,
  `role` varchar(255) DEFAULT NULL,
  `dept_id` bigint DEFAULT NULL,
  `manager_id` bigint DEFAULT NULL,
  PRIMARY KEY (`employee_id`),
  KEY `FKfow2bhgypdy2ij4oyukrn6cqw` (`dept_id`),
  KEY `FKou6wbxug1d0qf9mabut3xqblo` (`manager_id`),
  CONSTRAINT `FKfow2bhgypdy2ij4oyukrn6cqw` FOREIGN KEY (`dept_id`) REFERENCES `dept` (`dept_id`),
  CONSTRAINT `FKou6wbxug1d0qf9mabut3xqblo` FOREIGN KEY (`manager_id`) REFERENCES `employee` (`employee_id`)
) ENGINE=InnoDB AUTO_INCREMENT=101 DEFAULT CHARSET=utf8mb4 COLLATE=utf8mb4_0900_ai_ci;

-- 테이블 데이터 test.employee:~0 rows (대략적) 내보내기
DELETE FROM `employee`;
INSERT INTO `employee` (`employee_id`, `created_date`, `updated_at`, `address`, `base_salary`, `date_of_birth`, `login_id`, `name`, `password`, `phone_number`, `position`, `profile`, `role`, `dept_id`, `manager_id`) VALUES
	(1, '2025-06-05 18:08:11.813448', '2025-06-05 18:08:19.539073', '서울시 강남구 테스트로 1번지', 110330975, '1990-01-02', 'user1', '정의현', '$2a$10$8XgweFCzUIaGN6Io5ShxuOEYt2Zw4Nfn6VirXrpl5Q.2TvsISecAW', '010-1234-0001', 'CEO', NULL, 'ROLE_ADMIN', 1, NULL),
	(2, '2025-06-05 18:08:11.922890', '2025-06-05 18:08:19.565955', '서울시 강남구 테스트로 2번지', 65763317, '1990-01-03', 'user2', '조준희', '$2a$10$MtPRXUbUPUGEbE.xovTyeed.72X/5wac2It.J95tgx9nuRFXqNJFe', '010-1234-0002', 'EXECUTIVE', NULL, 'ROLE_ADMIN', 2, NULL),
	(3, '2025-06-05 18:08:11.985384', '2025-06-05 18:08:19.565955', '서울시 강남구 테스트로 3번지', 41192481, '1990-01-04', 'user3', '박효림', '$2a$10$WG5NUDadJ0F58oqiHQgZSeMwrF8ErlSkX8f0L0t46O34UPOIcKyzG', '010-1234-0003', 'TEAM_LEADER', NULL, 'ROLE_HEAD', 3, NULL),
	(4, '2025-06-05 18:08:12.063536', '2025-06-05 18:08:19.581837', '서울시 강남구 테스트로 4번지', 33084912, '1990-01-05', 'user4', '박누리', '$2a$10$Lw.FgV.ZFWjgOYvSvHy6YuwKDqbq9C60nNy1fjSgGewJZmjZkHLy6', '010-1234-0004', 'TEAM_LEADER', NULL, 'ROLE_HEAD', 4, NULL),
	(5, '2025-06-05 18:08:12.125994', '2025-06-05 18:08:19.597462', '서울시 강남구 테스트로 5번지', 29083561, '1990-01-06', 'user5', '박문현', '$2a$10$gPvA5ix9SsPrKh/m0QQBIubt61W41yUPlDu25BWn5io9lHaHb2Tu2', '010-1234-0005', 'TEAM_LEADER', NULL, 'ROLE_HEAD', 5, NULL),
	(6, '2025-06-05 18:08:12.188488', '2025-06-05 18:08:19.597462', '서울시 강남구 테스트로 6번지', 28924504, '1990-01-07', 'user6', '유선호', '$2a$10$0riMjEM030X1Rm6Qs5dnHuM7HWMmhDNQotKrrObQhaIur08gNJsBy', '010-1234-0006', 'MANAGER', NULL, 'ROLE_ADMIN', 6, NULL),
	(7, '2025-06-05 18:08:12.250981', '2025-06-05 18:08:19.613085', '서울시 강남구 테스트로 7번지', 29346438, '1990-01-08', 'user7', '윤도윤', '$2a$10$CXQd7cvGMPixkiEGTJ595eM3s1r2Np6MfADQ2sGd1wlfSM827Ok3C', '010-1234-0007', 'TEAM_LEADER', NULL, 'ROLE_HEAD', 7, NULL),
	(8, '2025-06-05 18:08:12.329097', '2025-06-05 18:08:19.613085', '서울시 강남구 테스트로 8번지', 21176110, '1990-01-09', 'user8', '장서윤', '$2a$10$pqU/YdT6iOZILFu/QFzRFu6eKX6FeoV8gxagTq9mId7KW1wn8rnH6', '010-1234-0008', 'TEAM_LEADER', NULL, 'ROLE_HEAD', 8, NULL),
	(9, '2025-06-05 18:08:12.407603', '2025-06-05 18:08:19.633204', '서울시 강남구 테스트로 9번지', 27026154, '1990-01-10', 'user9', '임주원', '$2a$10$/soo1q46MQD9RVFibN9iSO21Olm3bP.mde8ae2yboS9HYyxn8UjJO', '010-1234-0009', 'TEAM_LEADER', NULL, 'ROLE_HEAD', 9, NULL),
	(10, '2025-06-05 18:08:12.470098', '2025-06-12 12:35:57.141652', '서울시 강남구 테스트로 10번지', 20040992, '1990-01-11', 'user10', '한지민', '$2a$10$wloskJabNouDkyaQn.Hi4elV8x1u.nfmr6wxJ9Ft1AMLUWzo6AEuG', '010-1234-0010', 'TEAM_LEADER', NULL, 'ROLE_HEAD', 10, NULL),
	(11, '2025-06-05 18:08:12.532632', '2025-06-05 18:08:19.638202', '서울시 강남구 테스트로 11번지', 63674866, '1990-01-12', 'user11', '이도윤', '$2a$10$c5X7WJ./EshJJa2c30kxQeU1ofJJySwhzopKofP55BzC5NROab7YG', '010-1234-0011', 'EXECUTIVE', NULL, 'ROLE_ADMIN', 2, NULL),
	(12, '2025-06-05 18:08:12.595084', '2025-06-05 18:08:19.653826', '서울시 강남구 테스트로 12번지', 47197942, '1990-01-13', 'user12', '정하은', '$2a$10$dQgg4dxPhNBwWPnOEgBeIO4zyAwLXC4wrSRBAWtpIyPrVs/Tzkfp2', '010-1234-0012', 'MANAGER', NULL, 'ROLE_USER', 3, NULL),
	(13, '2025-06-05 18:08:12.657578', '2025-06-05 18:08:19.653826', '서울시 강남구 테스트로 13번지', 56600135, '1990-01-14', 'user13', '윤서진', '$2a$10$2fghPRCO665ScBUg.KYzsOhYYfsQCknQ7Qmu2qgtT6wIh5i7DdWdK', '010-1234-0013', 'MANAGER', NULL, 'ROLE_USER', 3, NULL),
	(14, '2025-06-05 18:08:12.735730', '2025-06-05 18:08:19.669450', '서울시 강남구 테스트로 14번지', 33524473, '1990-01-15', 'user14', '박지민', '$2a$10$K24z3sJt7bIgkhRVdDTKM.PX29fmxl9Z93NW0amEbxZDLQ.UDizau', '010-1234-0014', 'TEAM_LEADER', NULL, 'ROLE_HEAD', 4, NULL),
	(15, '2025-06-05 18:08:12.798224', '2025-06-05 18:08:19.685271', '서울시 강남구 테스트로 15번지', 40070098, '1990-01-16', 'user15', '이지우', '$2a$10$q/ngTNWnMcqDvmHyEhMhxeI8/SlaUzd5cP8R11yvjwafUWLulJ4B6', '010-1234-0015', 'TEAM_LEADER', NULL, 'ROLE_HEAD', 4, NULL),
	(16, '2025-06-05 18:08:12.860681', '2025-06-05 18:08:19.685271', '서울시 강남구 테스트로 16번지', 37629461, '1990-01-17', 'user16', '최지우', '$2a$10$n6Z72H46tLSzE0WPEWDvmO2e7V0Lk.5LYRmM6E719LQmYkV3jNTKi', '010-1234-0016', 'TEAM_LEADER', NULL, 'ROLE_HEAD', 4, NULL),
	(17, '2025-06-05 18:08:12.923175', '2025-06-05 18:08:19.700896', '서울시 강남구 테스트로 17번지', 25480248, '1990-01-18', 'user17', '김도윤', '$2a$10$QAInmDaHN1DKqMaoX0IIzusNMQFJMtxz5ggQ4chnBnSEFlkJrGI6e', '010-1234-0017', 'STAFF', NULL, 'ROLE_USER', 7, NULL),
	(18, '2025-06-05 18:08:12.985668', '2025-06-05 18:08:19.700896', '서울시 강남구 테스트로 18번지', 20765211, '1990-01-19', 'user18', '서윤아', '$2a$10$1XWZR0yG.epoFq1YrU4x4OXwfqTcFbcC6XO0IAHlgu6ZuY3nV8yQS', '010-1234-0018', 'STAFF', NULL, 'ROLE_USER', 7, NULL),
	(19, '2025-06-05 18:08:13.048197', '2025-06-05 18:08:19.716520', '서울시 강남구 테스트로 19번지', 28097707, '1990-01-20', 'user19', '이준서', '$2a$10$WQe5FWPrr9j/hdoqq6nG8uNa5payqx02YcnAyuozStOhDTJ28rbom', '010-1234-0019', 'STAFF', NULL, 'ROLE_USER', 7, NULL),
	(20, '2025-06-05 18:08:13.110655', '2025-06-05 18:08:19.732143', '서울시 강남구 테스트로 20번지', 25537673, '1990-01-21', 'user20', '정서윤', '$2a$10$saIAg7Pm0MeaRbA23jCKE..fdz3kxo4QasGk9F2KUwDBEvs2kLeTS', '010-1234-0020', 'STAFF', NULL, 'ROLE_USER', 7, NULL),
	(21, '2025-06-05 18:08:13.188772', '2025-06-05 18:08:19.732143', '서울시 강남구 테스트로 21번지', 28957718, '1990-01-22', 'user21', '최민준', '$2a$10$mt5dJgvDz949C6rgAGLxveqQjPhGR9z79zb93n96gYAlUz.X2H3NS', '010-1234-0021', 'STAFF', NULL, 'ROLE_USER', 7, NULL),
	(22, '2025-06-05 18:08:13.251301', '2025-06-05 18:08:19.747766', '서울시 강남구 테스트로 22번지', 24460959, '1990-01-23', 'user22', '김서연', '$2a$10$nSb2CW47xBgGOHtXLesJ1u8D1qFZHbHV64JXUbeQEC64e5mK.tpZq', '010-1234-0022', 'STAFF', NULL, 'ROLE_USER', 7, NULL),
	(23, '2025-06-05 18:08:13.313797', '2025-06-05 18:08:19.763389', '서울시 강남구 테스트로 23번지', 20185995, '1990-01-24', 'user23', '박하린', '$2a$10$VIV8b9VX2NIZrmUXodmd5.MlvQXfhHqLB9Zs4Yu/KzCFoV.LtvLaC', '010-1234-0023', 'STAFF', NULL, 'ROLE_USER', 7, NULL),
	(24, '2025-06-05 18:08:13.376252', '2025-06-05 18:08:19.763389', '서울시 강남구 테스트로 24번지', 22766302, '1990-01-25', 'user24', '이하은', '$2a$10$D65iiCRbfrEgm8VQcam8GuglmoGvyVGZhRAS0Tb4/iollgOnP2.m2', '010-1234-0024', 'STAFF', NULL, 'ROLE_USER', 7, NULL),
	(25, '2025-06-05 18:08:13.454406', '2025-06-05 18:08:19.779013', '서울시 강남구 테스트로 25번지', 23598003, '1990-01-26', 'user25', '정하율', '$2a$10$jDZJ5PX6BwckWOQMblpZsuXEVjeB71vEw7SEt2GDp0RKdkRum5vVG', '010-1234-0025', 'STAFF', NULL, 'ROLE_USER', 7, NULL),
	(26, '2025-06-05 18:08:13.522613', '2025-06-05 18:08:19.779013', '서울시 강남구 테스트로 26번지', 25362467, '1990-01-27', 'user26', '최지안', '$2a$10$DlDskw/orIESBMThaLr3luHA3d4HAuR5yolaWnL3ZEcD4VzqLtET6', '010-1234-0026', 'STAFF', NULL, 'ROLE_USER', 7, NULL),
	(27, '2025-06-05 18:08:13.591943', '2025-06-05 18:08:19.794636', '서울시 강남구 테스트로 27번지', 26572485, '1990-01-28', 'user27', '김하준', '$2a$10$5Uuk57yAXUgyJT5NOm5Hr.THQFO3oRAYxgQQnE63MCsEgfTm9iEg2', '010-1234-0027', 'STAFF', NULL, 'ROLE_USER', 7, NULL),
	(28, '2025-06-05 18:08:13.662085', '2025-06-05 18:08:19.794636', '서울시 강남구 테스트로 28번지', 29701172, '1990-01-01', 'user28', '서예준', '$2a$10$X0u7Pwbdp35a1JFErwTdt.BwwVkXVpqpqjsKg.1y7oc7X1SD00s9K', '010-1234-0028', 'STAFF', NULL, 'ROLE_USER', 7, NULL),
	(29, '2025-06-05 18:08:13.718778', '2025-06-05 18:08:19.810259', '서울시 강남구 테스트로 29번지', 23517316, '1990-01-02', 'user29', '이하준', '$2a$10$n0.fP1INCI2q0ISLSe5Ocuru4TGn/is4VPGBJhLRvDXCcozdK3i0K', '010-1234-0029', 'STAFF', NULL, 'ROLE_USER', 7, NULL),
	(30, '2025-06-05 18:08:13.781271', '2025-06-05 18:08:19.825883', '서울시 강남구 테스트로 30번지', 21199681, '1990-01-03', 'user30', '박서준', '$2a$10$Ag9yOaEIF43x8U7QE0flPudgOsIVuq2hsaBubthAVJ3N4G.8s0WXK', '010-1234-0030', 'STAFF', NULL, 'ROLE_USER', 7, NULL),
	(31, '2025-06-05 18:08:13.859426', '2025-06-05 18:08:19.825883', '서울시 강남구 테스트로 31번지', 25040909, '1990-01-04', 'user31', '이하늘', '$2a$10$0N9RkrLVryyTEP6OSBio1eYKx9CGs0oWZA1nKKXDS0lRmZ0nGSI3O', '010-1234-0031', 'STAFF', NULL, 'ROLE_USER', 7, NULL),
	(32, '2025-06-05 18:08:13.921882', '2025-06-05 18:08:19.841506', '서울시 강남구 테스트로 32번지', 23966955, '1990-01-05', 'user32', '박서연', '$2a$10$1Od9N0Ub.HjLx27PnzbkJusbeOOeiGLbqqzzZiNKNPM1SU6hCDkOO', '010-1234-0032', 'STAFF', NULL, 'ROLE_USER', 8, NULL),
	(33, '2025-06-05 18:08:13.999999', '2025-06-05 18:08:19.841506', '서울시 강남구 테스트로 33번지', 24999768, '1990-01-06', 'user33', '정하린', '$2a$10$X/ZA94x4uprhPfC05y2qkO2Kl/lXMyJwjHmuz/WJ5wpJcyeZKnNZ2', '010-1234-0033', 'STAFF', NULL, 'ROLE_USER', 8, NULL),
	(34, '2025-06-05 18:08:14.062491', '2025-06-05 18:08:19.857130', '서울시 강남구 테스트로 34번지', 20075232, '1990-01-07', 'user34', '최예린', '$2a$10$1PR2pVYAd07rwRVk8UEN/u8GVm3nAFUo/gjrgO2chqz.Dla/3/n4O', '010-1234-0034', 'STAFF', NULL, 'ROLE_USER', 8, NULL),
	(35, '2025-06-05 18:08:14.125019', '2025-06-05 18:08:19.857130', '서울시 강남구 테스트로 35번지', 21946211, '1990-01-08', 'user35', '김지안', '$2a$10$0QGH/CYf5gbnIaVTDnmh/eMKx5MhWdhrFRy5cU2OzeLkpoiboVzA.', '010-1234-0035', 'STAFF', NULL, 'ROLE_USER', 8, NULL),
	(36, '2025-06-05 18:08:14.187479', '2025-06-05 18:08:19.872753', '서울시 강남구 테스트로 36번지', 28528016, '1990-01-09', 'user36', '이하윤', '$2a$10$d0tayUbk66IuDYGUWUDaseiLnjOj9WMwG0MN68j87O6LbO9DcT4Kq', '010-1234-0036', 'STAFF', NULL, 'ROLE_USER', 8, NULL),
	(37, '2025-06-05 18:08:14.250120', '2025-06-05 18:08:19.872753', '서울시 강남구 테스트로 37번지', 20307819, '1990-01-10', 'user37', '정예준', '$2a$10$0rclCIvxcrku8lKpMAS5zOlBQMznYPq9xqUL42T/ac7i/vkHPzvKm', '010-1234-0037', 'STAFF', NULL, 'ROLE_USER', 8, NULL),
	(38, '2025-06-05 18:08:14.328236', '2025-06-05 18:08:19.888376', '서울시 강남구 테스트로 38번지', 28190344, '1990-01-11', 'user38', '한지우', '$2a$10$auv11v1ZID148W3R1WoRAOkcdw3BMiHoq.jJQbwtviW471bNq5l4u', '010-1234-0038', 'STAFF', NULL, 'ROLE_USER', 8, NULL),
	(39, '2025-06-05 18:08:14.390732', '2025-06-05 18:08:19.904002', '서울시 강남구 테스트로 39번지', 21881844, '1990-01-12', 'user39', '김하린', '$2a$10$s7aJZKou7wWdWb1swZcm7utGKna.aW9mS.b3OHjF4TW94PL5JCSoa', '010-1234-0039', 'STAFF', NULL, 'ROLE_USER', 8, NULL),
	(40, '2025-06-05 18:08:14.453672', '2025-06-05 18:08:19.904002', '서울시 강남구 테스트로 40번지', 28606724, '1990-01-13', 'user40', '박지후', '$2a$10$je7LaaaMvUSb6E4/RXBo1etS7x6AhIc5sC4A0lSkJlWskaXw8ospa', '010-1234-0040', 'STAFF', NULL, 'ROLE_USER', 8, NULL),
	(41, '2025-06-05 18:08:14.532036', '2025-06-05 18:08:19.919624', '서울시 강남구 테스트로 41번지', 24787722, '1990-01-14', 'user41', '이하진', '$2a$10$XwMEUdv9Jmz9LlXS3e39E.Cbc4jD3vTWoIJf6GgThv4Qh3EHytWEW', '010-1234-0041', 'STAFF', NULL, 'ROLE_USER', 8, NULL),
	(42, '2025-06-05 18:08:14.594531', '2025-06-05 18:08:19.935246', '서울시 강남구 테스트로 42번지', 27005132, '1990-01-15', 'user42', '최하윤', '$2a$10$MZRxWsljccVcjp8YQ8PLSO.zs7nWgJtmuTBSq39BrvggwBh2mtbsi', '010-1234-0042', 'STAFF', NULL, 'ROLE_USER', 8, NULL),
	(43, '2025-06-05 18:08:14.657024', '2025-06-05 18:08:19.935246', '서울시 강남구 테스트로 43번지', 24196996, '1990-01-16', 'user43', '정하윤', '$2a$10$ydjKm34RMStc3XCx62wSJu3B9TKY79uUI3BS7Ztvqxj2gn4sPf7Qu', '010-1234-0043', 'STAFF', NULL, 'ROLE_USER', 8, NULL),
	(44, '2025-06-05 18:08:14.735259', '2025-06-05 18:08:19.950992', '서울시 강남구 테스트로 44번지', 25568267, '1990-01-17', 'user44', '이도현', '$2a$10$gqeIA6wVWJou7RpxGjo41uI9RivDvGFHEmu9vgAs/ILNmd4BKwZBy', '010-1234-0044', 'STAFF', NULL, 'ROLE_USER', 8, NULL),
	(45, '2025-06-05 18:08:14.797793', '2025-06-05 18:08:19.950992', '서울시 강남구 테스트로 45번지', 22418947, '1990-01-18', 'user45', '김지후', '$2a$10$7MZzUPO0H7Jny2FhjPrzQeBTEajGBtXe23H61VUS2WYqBJZYJOc0O', '010-1234-0045', 'STAFF', NULL, 'ROLE_USER', 8, NULL),
	(46, '2025-06-05 18:08:14.860284', '2025-06-05 18:08:19.966616', '서울시 강남구 테스트로 46번지', 23058413, '1990-01-19', 'user46', '박하윤', '$2a$10$/m5fN0vQ5NYFXuBJFhElJOK2uYq/6evjsd2ZDtOOezM084fc7wNEW', '010-1234-0046', 'STAFF', NULL, 'ROLE_USER', 8, NULL),
	(47, '2025-06-05 18:08:14.922739', '2025-06-05 18:08:19.984754', '서울시 강남구 테스트로 47번지', 21628232, '1990-01-20', 'user47', '이하율', '$2a$10$yyZvtep/PQ0FWzcIoEMSou8H2njUzsvTEB78xB0QO6sSc9/j7a2ay', '010-1234-0047', 'STAFF', NULL, 'ROLE_USER', 9, NULL),
	(48, '2025-06-05 18:08:14.985377', '2025-06-05 18:08:19.984754', '서울시 강남구 테스트로 48번지', 25352279, '1990-01-21', 'user48', '정하윤', '$2a$10$UztQh8Ny/k54QqAZW3GSXemHrWgqRsNCyOu5uokqw2B7o0YaMG6a2', '010-1234-0048', 'STAFF', NULL, 'ROLE_USER', 9, NULL),
	(49, '2025-06-05 18:08:15.047912', '2025-06-05 18:08:20.000378', '서울시 강남구 테스트로 49번지', 29083809, '1990-01-22', 'user49', '이하준', '$2a$10$Rjb1gPqIftDk3d/JEb/k1elgAQ0fXBRgmY4cQ9s/Uoo.kW4ffkeyu', '010-1234-0049', 'STAFF', NULL, 'ROLE_USER', 9, NULL),
	(50, '2025-06-05 18:08:15.110398', '2025-06-05 18:08:20.000378', '서울시 강남구 테스트로 50번지', 22674823, '1990-01-23', 'user50', '박지환', '$2a$10$NVWta6gA/7WDr59qqUfg2.btbfnPCfwfOCbvEO6.AtZvu7M9GEec.', '010-1234-0050', 'STAFF', NULL, 'ROLE_USER', 9, NULL),
	(51, '2025-06-05 18:08:15.172897', '2025-06-05 18:08:20.016002', '서울시 강남구 테스트로 51번지', 28429911, '1990-01-24', 'user51', '최지환', '$2a$10$8elECxfC2HhpIZxOyRhNGOvbC1z.hpQZ24r5nIawDJ1t2M3F3z9G6', '010-1234-0051', 'STAFF', NULL, 'ROLE_USER', 9, NULL),
	(52, '2025-06-05 18:08:15.251103', '2025-06-05 18:08:20.016002', '서울시 강남구 테스트로 52번지', 22577709, '1990-01-25', 'user52', '김하윤', '$2a$10$4WOmte1PQjQfnWxiGhnTeOSF5zpvHvlm/Hv7PeSFrDmC34aOLrptW', '010-1234-0052', 'STAFF', NULL, 'ROLE_USER', 9, NULL),
	(53, '2025-06-05 18:08:15.313597', '2025-06-05 18:08:20.031625', '서울시 강남구 테스트로 53번지', 26476118, '1990-01-26', 'user53', '이하린', '$2a$10$Vq81qp2Lm/yVzZyAKuv7aeiF.ZXZrskpF0CxCfmqvt8IsSQ4tqK3K', '010-1234-0053', 'STAFF', NULL, 'ROLE_USER', 9, NULL),
	(54, '2025-06-05 18:08:15.376090', '2025-06-05 18:08:20.047249', '서울시 강남구 테스트로 54번지', 26489680, '1990-01-27', 'user54', '정시우', '$2a$10$BnWfBDZ58aETAH5i7CZtm.fH3gwO8va9OVAMHP37HpfRSuHaxa6fK', '010-1234-0054', 'STAFF', NULL, 'ROLE_USER', 9, NULL),
	(55, '2025-06-05 18:08:15.438584', '2025-06-05 18:08:20.047249', '서울시 강남구 테스트로 55번지', 23556100, '1990-01-28', 'user55', '이하진', '$2a$10$Lis5N5NlBNAgkXlu20ribeT0ZtyVao8iHvEIQ./5Gmw9erlCbx/fS', '010-1234-0055', 'STAFF', NULL, 'ROLE_USER', 9, NULL),
	(56, '2025-06-05 18:08:15.516828', '2025-06-05 18:08:20.062872', '서울시 강남구 테스트로 56번지', 26554156, '1990-01-01', 'user56', '정하윤', '$2a$10$hJrBCMBE2FxslSqErhiwoOey0Dg8IcDk0VueMmxlM0HqdWHPCrEgi', '010-1234-0056', 'STAFF', NULL, 'ROLE_USER', 9, NULL),
	(57, '2025-06-05 18:08:15.579604', '2025-06-05 18:08:20.062872', '서울시 강남구 테스트로 57번지', 26839654, '1990-01-02', 'user57', '이하율', '$2a$10$MEgOZpcbEv0hKs6v4T3RheB1li9EejNJMtvmosqRvZ5HQYZGEuE5u', '010-1234-0057', 'STAFF', NULL, 'ROLE_USER', 9, NULL),
	(58, '2025-06-05 18:08:15.642097', '2025-06-05 18:08:20.078495', '서울시 강남구 테스트로 58번지', 29304167, '1990-01-03', 'user58', '박하윤', '$2a$10$JNfwa1dcW5GJM2x0c.YU2e/fMy4RZ2H4BGnki75rXw.PGw3KHPva2', '010-1234-0058', 'STAFF', NULL, 'ROLE_USER', 9, NULL),
	(59, '2025-06-05 18:08:15.704591', '2025-06-05 18:08:20.078495', '서울시 강남구 테스트로 59번지', 29645022, '1990-01-04', 'user59', '이하준', '$2a$10$4Bv6HEZ3a56.kW4wuKLEc.6ITxLMlHaEQGilSI2nxI94bww./X6XG', '010-1234-0059', 'STAFF', NULL, 'ROLE_USER', 9, NULL),
	(60, '2025-06-05 18:08:15.767084', '2025-06-05 18:08:20.094118', '서울시 강남구 테스트로 60번지', 26276724, '1990-01-05', 'user60', '정하린', '$2a$10$f1qo8F.Od0KKHvgHlXQMBeLs8axNEIMnwlVyiNK1zb57huAFt3fm2', '010-1234-0060', 'STAFF', NULL, 'ROLE_USER', 9, NULL),
	(61, '2023-01-15 09:12:00.000000', '2024-02-10 10:15:00.000000', '서울시 강남구 테스트로 61번지', 25000000, '1990-01-15', 'user61', '김서윤', '$2a$10$FYIRYdIRbwbDv/8SshLZI.5DX1h.Uzn0hGiq4EE5rftoKUunCW8Ge', '010-1234-0061', 'STAFF', NULL, 'ROLE_USER', 9, NULL),
	(62, '2022-03-20 11:30:00.000000', '2023-04-22 14:20:00.000000', '서울시 강남구 테스트로 62번지', 24000000, '1990-01-16', 'user62', '이도현', '$2a$10$yxTClgUXTWvnNRSLvnCLl.8WFheuUlQooymIU1zqn8IsrJnWT6SfG', '010-1234-0062', 'STAFF', NULL, 'ROLE_USER', 10, NULL),
	(63, '2021-07-10 08:45:00.000000', '2022-08-15 09:30:00.000000', '서울시 강남구 테스트로 63번지', 24500000, '1990-01-17', 'user63', '박지민', '$2a$10$pGa6SWHtqX.VcXLEZDui3.oo4b8Qvb2hJhGwI0xNpYCz/Ym0qYmGe', '010-1234-0063', 'STAFF', NULL, 'ROLE_USER', 10, NULL),
	(64, '2020-11-05 10:00:00.000000', '2021-12-07 11:00:00.000000', '서울시 강남구 테스트로 64번지', 23000000, '1990-01-18', 'user64', '최민준', '$2a$10$y0Y1EwuM6tsbo5jjA5Tt9OfjVMrmTHlVFTacdaRF.BmXTTrrW3ze.', '010-1234-0064', 'STAFF', NULL, 'ROLE_USER', 10, NULL),
	(65, '2024-05-01 09:30:00.000000', '2025-06-01 10:30:00.000000', '서울시 강남구 테스트로 65번지', 23500000, '1990-01-19', 'user65', '정하은', '$2a$10$jwj69g2DAMhvW1hHofDa5euxHR/zW8JtfWHNZ.adtdX.rpxXEQiVi', '010-1234-0065', 'STAFF', NULL, 'ROLE_USER', 10, NULL),
	(66, '2023-02-15 14:00:00.000000', '2024-03-16 15:00:00.000000', '서울시 강남구 테스트로 66번지', 22000000, '1990-01-20', 'user66', '윤서진', '$2a$10$UUtTmcfnozdmAVcC6Oxo/uLX5mx7FBqA1Q4I60KYTk3Ch3VZKUmba', '010-1234-0066', 'STAFF', NULL, 'ROLE_USER', 10, NULL),
	(67, '2022-06-18 13:00:00.000000', '2023-07-19 14:00:00.000000', '서울시 강남구 테스트로 67번지', 22500000, '1990-01-21', 'user67', '한지민', '$2a$10$LLXRbv9iKF0HzB/XK/G41OXvr3DMVscEL4v8QwytS5dJLX.207OT6', '010-1234-0067', 'STAFF', NULL, 'ROLE_USER', 10, NULL),
	(68, '2021-10-12 09:15:00.000000', '2022-11-13 10:15:00.000000', '서울시 강남구 테스트로 68번지', 21500000, '1990-01-22', 'user68', '강하윤', '$2a$10$aa4veu8IOEW4nYykcRWONeZkJKCpUjYvuBkNxTVDrM00x6ENXjoKe', '010-1234-0068', 'STAFF', NULL, 'ROLE_USER', 10, NULL),
	(69, '2020-12-20 08:00:00.000000', '2022-01-21 09:00:00.000000', '서울시 강남구 테스트로 69번지', 21000000, '1990-01-23', 'user69', '윤도윤', '$2a$10$O3WULrPbQA65/f00J8hMw.BDJ7wfitVbAycXYn.rtUxSFKTgPwqTm', '010-1234-0069', 'STAFF', NULL, 'ROLE_USER', 10, NULL),
	(70, '2024-04-10 15:30:00.000000', '2025-05-11 16:30:00.000000', '서울시 강남구 테스트로 70번지', 22000000, '1990-01-24', 'user70', '장서윤', '$2a$10$yKoo1WWDvPYXkOzvApnlyuvlXQkZzetqln5Q8G1hVIm2vw7pKMLKK', '010-1234-0070', 'STAFF', NULL, 'ROLE_USER', 10, NULL),
	(71, '2023-03-25 10:00:00.000000', '2024-04-26 11:00:00.000000', '서울시 강남구 테스트로 71번지', 23000000, '1990-01-25', 'user71', '임주원', '$2a$10$M710N.O3of5GdrwfYr/96OS9khd.Al1Ayqzwd/qLEwPIWvsqMwZdm', '010-1234-0071', 'STAFF', NULL, 'ROLE_USER', 10, NULL),
	(72, '2022-07-30 09:00:00.000000', '2023-08-31 10:00:00.000000', '서울시 강남구 테스트로 72번지', 22500000, '1990-01-26', 'user72', '한지민', '$2a$10$Aiav8HH2KvA/H.tEtLpOuef5r/Nx6c7Bj28QCNZcYfWfAbmGcQG3W', '010-1234-0072', 'STAFF', NULL, 'ROLE_USER', 10, NULL),
	(73, '2021-11-15 14:30:00.000000', '2022-12-16 15:30:00.000000', '서울시 강남구 테스트로 73번지', 24000000, '1990-01-27', 'user73', '서지후', '$2a$10$ej5XasHUkYfROM72z/WR3OMNXiEYhZUDAg5QoiZhKjz6f22QESYSO', '010-1234-0073', 'STAFF', NULL, 'ROLE_USER', 10, NULL),
	(74, '2020-10-05 13:00:00.000000', '2021-11-06 14:00:00.000000', '서울시 강남구 테스트로 74번지', 23500000, '1990-01-28', 'user74', '정하은', '$2a$10$CxSOUl57EAvkKPJxEOjsDeYzuEp148iEELIylG6iC/X2hC0vQ6PBG', '010-1234-0074', 'STAFF', NULL, 'ROLE_USER', 10, NULL),
	(75, '2024-06-01 11:00:00.000000', '2025-07-02 12:00:00.000000', '서울시 강남구 테스트로 75번지', 24500000, '1990-01-29', 'user75', '윤서진', '$2a$10$N613sALzsQ4eOS4n3l6foOlLeTTV5RK.qHcSc8uIkGeYPov/mtKym', '010-1234-0075', 'STAFF', NULL, 'ROLE_USER', 10, NULL),
	(76, '2023-01-20 09:30:00.000000', '2024-02-21 10:30:00.000000', '서울시 강남구 테스트로 76번지', 25000000, '1990-01-30', 'user76', '박지민', '$2a$10$Ofk0M8oOYD6vRK/AuHFvkeBInZJGH8MZ9yXbj4G9yNeXXclQD9qau', '010-1234-0076', 'STAFF', NULL, 'ROLE_USER', 10, NULL),
	(77, '2022-05-10 08:45:00.000000', '2023-06-11 09:45:00.000000', '서울시 강남구 테스트로 77번지', 24000000, '1990-01-31', 'user77', '최민준', '$2a$10$9z21dOQ4aDdEwZ8jloH8AucILmqSD0y1mmAS8WyfazARJhaXVZf9C', '010-1234-0077', 'STAFF', NULL, 'ROLE_USER', 5, NULL),
	(78, '2021-09-01 10:15:00.000000', '2022-10-02 11:15:00.000000', '서울시 강남구 테스트로 78번지', 23000000, '1990-02-01', 'user78', '정하늘', '$2a$10$aUtNs4HbUjrxVuBRL/V1M.W5yQu4loUQLRN75CwCv2YjISwJEucPq', '010-1234-0078', 'STAFF', NULL, 'ROLE_USER', 5, NULL),
	(79, '2020-12-25 14:00:00.000000', '2022-01-26 15:00:00.000000', '서울시 강남구 테스트로 79번지', 22500000, '1990-02-02', 'user79', '강하윤', '$2a$10$bc4gxmRcv2DqF3fN2Z2N1ufFqGCN.mALAcXfaAdE3jxKa/tpB62L.', '010-1234-0079', 'STAFF', NULL, 'ROLE_USER', 5, NULL),
	(80, '2024-03-15 09:00:00.000000', '2025-04-16 10:00:00.000000', '서울시 강남구 테스트로 80번지', 22000000, '1990-02-03', 'user80', '윤도윤', '$2a$10$KJG/DTcrgwPtEGu0ot2Gu.AtUpjL6vg4aEPC./qhHWToAz4H3U882', '010-1234-0080', 'STAFF', NULL, 'ROLE_USER', 5, NULL),
	(81, '2023-07-10 11:30:00.000000', '2024-08-11 12:30:00.000000', '서울시 강남구 테스트로 81번지', 21500000, '1990-02-04', 'user81', '장서윤', '$2a$10$/vhnrCfT5ZnMq3V54ybEg.Dw9DzQQ4CS3Hr9o6CWwMc.AcC8FAnTG', '010-1234-0081', 'STAFF', NULL, 'ROLE_USER', 5, NULL),
	(82, '2022-11-05 13:00:00.000000', '2023-12-06 14:00:00.000000', '서울시 강남구 테스트로 82번지', 21000000, '1990-02-05', 'user82', '임주원', '$2a$10$V4FtL3kGYOzFMwDE0JGfxOSFc8czAtMuSZIN2b3wp189YBI7.9HiW', '010-1234-0082', 'STAFF', NULL, 'ROLE_USER', 5, NULL),
	(83, '2021-03-01 09:15:00.000000', '2022-04-02 10:15:00.000000', '서울시 강남구 테스트로 83번지', 22000000, '1990-02-06', 'user83', '한지민', '$2a$10$jZKTEpylOqUX2nrDUJZKh.40Qrro.s.RlenMV8LfWo0etrnDP/4C2', '010-1234-0083', 'STAFF', NULL, 'ROLE_USER', 5, NULL),
	(84, '2020-07-20 08:00:00.000000', '2021-08-21 09:00:00.000000', '서울시 강남구 테스트로 84번지', 23000000, '1990-02-07', 'user84', '김서윤', '$2a$10$rPNEAs/Eb3APeVagyG4.8OiZPzYOVP.Li5vKYc54bxfOQWDp8M3au', '010-1234-0084', 'STAFF', NULL, 'ROLE_USER', 5, NULL),
	(85, '2024-01-10 10:30:00.000000', '2025-02-11 11:30:00.000000', '서울시 강남구 테스트로 85번지', 22500000, '1990-02-08', 'user85', '이도현', '$2a$10$KeBNn/cFRiMdL8CfzDGFjeP/0.3lSHdX4a3cYOUBh8SRKGtT9tJg2', '010-1234-0085', 'STAFF', NULL, 'ROLE_USER', 5, NULL),
	(86, '2023-05-05 14:00:00.000000', '2024-06-06 15:00:00.000000', '서울시 강남구 테스트로 86번지', 24000000, '1990-02-09', 'user86', '박지민', '$2a$10$1g0MocLQbqIC5kqhv3hax.l7cKUR6C8m7p2PAJkt6rzRvRX.CLi9G', '010-1234-0086', 'STAFF', NULL, 'ROLE_USER', 5, NULL),
	(87, '2022-09-01 09:00:00.000000', '2023-10-02 10:00:00.000000', '서울시 강남구 테스트로 87번지', 23500000, '1990-02-10', 'user87', '최민준', '$2a$10$wvug1dcH7Ha.DeJZWJrYAuVZP0EHqCVTM5sbuOi.Isv92Xu0Jzkz.', '010-1234-0087', 'STAFF', NULL, 'ROLE_USER', 5, NULL),
	(88, '2021-01-25 11:30:00.000000', '2022-02-26 12:30:00.000000', '서울시 강남구 테스트로 88번지', 22000000, '1990-02-11', 'user88', '정하늘', '$2a$10$eJsj.Aj/15ECkVW4okHxuujDeyOCbVmgDvFHoa3EZ9cw6iPMaImzm', '010-1234-0088', 'STAFF', NULL, 'ROLE_USER', 5, NULL),
	(89, '2020-05-20 13:00:00.000000', '2021-06-21 14:00:00.000000', '서울시 강남구 테스트로 89번지', 21000000, '1990-02-12', 'user89', '강하윤', '$2a$10$HymIZdN3owXLlOsOEP6ll.z0bUSKgTXKcDKV5cluOh7QnXHHlZVQu', '010-1234-0089', 'STAFF', NULL, 'ROLE_USER', 5, NULL),
	(90, '2024-11-15 08:00:00.000000', '2025-12-16 09:00:00.000000', '서울시 강남구 테스트로 90번지', 22500000, '1990-02-13', 'user90', '윤도윤', '$2a$10$wcP9P30Ow8PYSdTgLV6.TOs76WSrt6tEOcaZoSJHtXY73Dqcdg4eG', '010-1234-0090', 'STAFF', NULL, 'ROLE_USER', 5, NULL),
	(91, '2023-03-10 10:30:00.000000', '2024-04-11 11:30:00.000000', '서울시 강남구 테스트로 91번지', 23000000, '1990-02-14', 'user91', '장서윤', '$2a$10$JtoTNLyYfuOAqFuJmiP64edtwwnWnGvc1s0bMEMmSEtiUye9yOAlC', '010-1234-0091', 'STAFF', NULL, 'ROLE_USER', 5, NULL),
	(92, '2022-07-05 09:00:00.000000', '2023-08-06 10:00:00.000000', '서울시 강남구 테스트로 92번지', 24000000, '1990-02-15', 'user92', '임주원', '$2a$10$7eaMMhl1HTwTytToAfLFQuzKIT7TmTCS0/nVwn9zJS0K/hfXd5/Z2', '010-1234-0092', 'MANAGER', NULL, 'ROLE_ADMIN', 6, NULL),
	(93, '2021-11-01 08:00:00.000000', '2022-12-02 09:00:00.000000', '서울시 강남구 테스트로 93번지', 25000000, '1990-02-16', 'user93', '한지민', '$2a$10$GorQar99drY0lppfdspBne5f402fbRiERbci8EjJn/5GWqreuTiiy', '010-1234-0093', 'MANAGER', NULL, 'ROLE_ADMIN', 6, NULL),
	(94, '2020-10-25 14:00:00.000000', '2021-11-26 15:00:00.000000', '서울시 강남구 테스트로 94번지', 26000000, '1990-02-17', 'user94', '김서윤', '$2a$10$.y8FFupP6fFR5lXmwNvYme8m5ft4PLBUHT3v3CEtRAsn9NoAAYhTu', '010-1234-0094', 'MANAGER', NULL, 'ROLE_ADMIN', 6, NULL),
	(95, '2024-06-15 13:00:00.000000', '2025-07-16 14:00:00.000000', '서울시 강남구 테스트로 95번지', 27000000, '1990-02-18', 'user95', '이도현', '$2a$10$i7RViGpqwlEZ86FfHCvhX.BsLMPrdrI/6rGWxUmqWET027Q3O/XLa', '010-1234-0095', 'MANAGER', NULL, 'ROLE_ADMIN', 6, NULL),
	(96, '2023-02-10 09:00:00.000000', '2024-03-11 10:00:00.000000', '서울시 강남구 테스트로 96번지', 28000000, '1990-02-19', 'user96', '박지민', '$2a$10$LiuNBdyC/8xDFJC42egkJekvGpqaCTKLydxC9C2XZnjlWs0aggEue', '010-1234-0096', 'MANAGER', NULL, 'ROLE_ADMIN', 6, NULL),
	(97, '2022-06-05 08:00:00.000000', '2023-07-06 09:00:00.000000', '서울시 강남구 테스트로 97번지', 29000000, '1990-02-20', 'user97', '최민준', '$2a$10$nkHLcJ5itYHTCj/lmDEFD.fyFB0oXW1HtRc.PbHjpWM.OuFMfh2Pi', '010-1234-0097', 'MANAGER', NULL, 'ROLE_ADMIN', 6, NULL),
	(98, '2021-10-01 10:00:00.000000', '2022-11-02 11:00:00.000000', '서울시 강남구 테스트로 98번지', 30000000, '1990-02-21', 'user98', '정하늘', '$2a$10$v7m4RMNw2j5Zqj1Sr656B.WD7P3DkQJO1O9zYNUWz9ud4oc86KghC', '010-1234-0098', 'MANAGER', NULL, 'ROLE_ADMIN', 6, NULL),
	(99, '2020-12-20 09:00:00.000000', '2022-01-21 10:00:00.000000', '서울시 강남구 테스트로 99번지', 31000000, '1990-02-22', 'user99', '강하윤', '$2a$10$PX7iYvVkBpGkkxbVyggfC.8k1iZiI7cdF73j4EVKUzdALLUEGb/4W', '010-1234-0099', 'MANAGER', NULL, 'ROLE_ADMIN', 6, NULL),
	(100, '2024-04-15 08:00:00.000000', '2025-05-16 09:00:00.000000', '서울시 강남구 테스트로 100번지', 32000000, '1990-02-23', 'user100', '윤도윤', '$2a$10$1GshaDgREgWMjj5oO3/iH.6.rKPI2wTtgBENCmynvTylk8sOKihHW', '010-1234-0100', 'MANAGER', NULL, 'ROLE_ADMIN', 6, NULL);

-- 테이블 test.leave_request 구조 내보내기
CREATE TABLE IF NOT EXISTS `leave_request` (
  `leave_request_id` bigint NOT NULL AUTO_INCREMENT,
  `end_date` date NOT NULL,
  `reason` varchar(500) DEFAULT NULL,
  `reject_reason` varchar(500) DEFAULT NULL,
  `start_date` date NOT NULL,
  `status` enum('APPROVED','PENDING','REJECTED') NOT NULL,
  `work_type` enum('AM_HALF_DAY','ATTENDANCE','BUSINESS_TRIP','LEAVE','PM_HALF_DAY','VACATION') NOT NULL,
  `approver_id` bigint DEFAULT NULL,
  `employee_id` bigint DEFAULT NULL,
  PRIMARY KEY (`leave_request_id`),
  KEY `FKji81xebghrvs0ibxjrok00qru` (`approver_id`),
  KEY `FKtc4wao0ica39vusknbo96ln2w` (`employee_id`),
  CONSTRAINT `FKji81xebghrvs0ibxjrok00qru` FOREIGN KEY (`approver_id`) REFERENCES `employee` (`employee_id`),
  CONSTRAINT `FKtc4wao0ica39vusknbo96ln2w` FOREIGN KEY (`employee_id`) REFERENCES `employee` (`employee_id`)
) ENGINE=InnoDB AUTO_INCREMENT=2 DEFAULT CHARSET=utf8mb4 COLLATE=utf8mb4_0900_ai_ci;

-- 테이블 데이터 test.leave_request:~0 rows (대략적) 내보내기
DELETE FROM `leave_request`;
INSERT INTO `leave_request` (`leave_request_id`, `end_date`, `reason`, `reject_reason`, `start_date`, `status`, `work_type`, `approver_id`, `employee_id`) VALUES
	(1, '2025-06-18', '휴가신청', NULL, '2025-06-16', 'APPROVED', 'VACATION', NULL, 1);

-- 테이블 test.link 구조 내보내기
CREATE TABLE IF NOT EXISTS `link` (
  `link_id` bigint NOT NULL,
  `source` varchar(255) NOT NULL,
  `target` varchar(255) NOT NULL,
  `type` varchar(255) NOT NULL,
  `project_id` bigint DEFAULT NULL,
  PRIMARY KEY (`link_id`),
  KEY `FKns4w5peakgt35y9cg16fi2n6t` (`project_id`),
  CONSTRAINT `FKns4w5peakgt35y9cg16fi2n6t` FOREIGN KEY (`project_id`) REFERENCES `project` (`project_id`)
) ENGINE=InnoDB DEFAULT CHARSET=utf8mb4 COLLATE=utf8mb4_0900_ai_ci;

-- 테이블 데이터 test.link:~0 rows (대략적) 내보내기
DELETE FROM `link`;

-- 테이블 test.meeting_reservation 구조 내보내기
CREATE TABLE IF NOT EXISTS `meeting_reservation` (
  `reservation_id` bigint NOT NULL AUTO_INCREMENT,
  `created_date` datetime(6) DEFAULT NULL,
  `updated_at` datetime(6) NOT NULL,
  `content` tinytext NOT NULL,
  `end_time` datetime(6) NOT NULL,
  `purpose` varchar(255) NOT NULL,
  `start_time` datetime(6) NOT NULL,
  `topic` varchar(255) NOT NULL,
  `room_id` bigint NOT NULL,
  `organizer_id` bigint NOT NULL,
  PRIMARY KEY (`reservation_id`),
  KEY `FK9lliyllc88eh7f3jonjjj04ys` (`room_id`),
  KEY `FK9a5fbcm0rdgy1264rwov5ij2m` (`organizer_id`),
  CONSTRAINT `FK9a5fbcm0rdgy1264rwov5ij2m` FOREIGN KEY (`organizer_id`) REFERENCES `employee` (`employee_id`),
  CONSTRAINT `FK9lliyllc88eh7f3jonjjj04ys` FOREIGN KEY (`room_id`) REFERENCES `meeting_room` (`room_id`)
) ENGINE=InnoDB AUTO_INCREMENT=6 DEFAULT CHARSET=utf8mb4 COLLATE=utf8mb4_0900_ai_ci;

-- 테이블 데이터 test.meeting_reservation:~1 rows (대략적) 내보내기
DELETE FROM `meeting_reservation`;
INSERT INTO `meeting_reservation` (`reservation_id`, `created_date`, `updated_at`, `content`, `end_time`, `purpose`, `start_time`, `topic`, `room_id`, `organizer_id`) VALUES
	(1, '2025-06-15 15:58:15.683962', '2025-06-15 15:58:15.683962', 'sadas', '2025-06-15 17:00:10.000000', 'asdas', '2025-06-15 16:00:10.000000', 'asdsa', 1, 3),
	(2, '2025-06-15 16:18:56.442340', '2025-06-15 16:18:56.442340', 'ㅁㄴㅇ', '2025-06-15 17:30:42.000000', 'ㅁㄴㅇ', '2025-06-15 16:30:42.000000', 'ㅁㄴㅇ', 2, 1),
	(3, '2025-06-15 16:47:45.919683', '2025-06-15 16:47:45.919683', '아오', '2025-06-15 18:00:28.000000', '아오', '2025-06-15 17:30:28.000000', '테스트 회의', 5, 1),
	(4, '2025-06-15 16:48:17.047687', '2025-06-15 16:48:17.047687', '1234', '2025-06-15 20:30:55.000000', '1234', '2025-06-15 19:30:55.000000', '개수가 늘면 어케될까', 4, 1),
	(5, '2025-06-15 17:12:04.749008', '2025-06-15 17:12:04.749008', '2명일때 어케 나오더라', '2025-06-17 10:00:44.000000', '2명일때 어케 나오더라', '2025-06-17 09:00:44.000000', '2명일때 어케 나오더라', 1, 2);

-- 테이블 test.meeting_room 구조 내보내기
CREATE TABLE IF NOT EXISTS `meeting_room` (
  `room_id` bigint NOT NULL AUTO_INCREMENT,
  `capacity` int NOT NULL,
  `location_detail` varchar(255) DEFAULT NULL,
  `room_name` varchar(255) NOT NULL,
  PRIMARY KEY (`room_id`),
  UNIQUE KEY `UK49ev3ytm50uavld4hqcppshfu` (`room_name`)
) ENGINE=InnoDB AUTO_INCREMENT=9 DEFAULT CHARSET=utf8mb4 COLLATE=utf8mb4_0900_ai_ci;

-- 테이블 데이터 test.meeting_room:~0 rows (대략적) 내보내기
DELETE FROM `meeting_room`;
INSERT INTO `meeting_room` (`room_id`, `capacity`, `location_detail`, `room_name`) VALUES
	(1, 10, '1층, A동', '회의실1'),
	(2, 11, '2층, A동', '회의실2'),
	(3, 12, '3층, A동', '회의실3'),
	(4, 13, '4층, A동', '회의실4'),
	(5, 14, '5층, A동', '회의실5'),
	(6, 15, '6층, A동', '회의실6'),
	(7, 16, '7층, A동', '회의실7'),
	(8, 17, '8층, A동', '회의실8');

-- 테이블 test.project 구조 내보내기
CREATE TABLE IF NOT EXISTS `project` (
  `project_id` bigint NOT NULL AUTO_INCREMENT,
  `description` varchar(255) NOT NULL,
  `end_date` date NOT NULL,
  `start_date` date NOT NULL,
  `title` varchar(255) NOT NULL,
  `author_id` bigint DEFAULT NULL,
  `dept_id` bigint DEFAULT NULL,
  `manager_id` bigint DEFAULT NULL,
  PRIMARY KEY (`project_id`),
  UNIQUE KEY `UKgfwbnhx8r437s2uhmmq21xb5t` (`author_id`),
  KEY `FKfp2mencl2h1qnfep2vnuft4u9` (`dept_id`),
  KEY `FKdmtefyns5kjj5u2p99o3pk37y` (`manager_id`),
  CONSTRAINT `FKdmtefyns5kjj5u2p99o3pk37y` FOREIGN KEY (`manager_id`) REFERENCES `employee` (`employee_id`),
  CONSTRAINT `FKfp2mencl2h1qnfep2vnuft4u9` FOREIGN KEY (`dept_id`) REFERENCES `dept` (`dept_id`),
  CONSTRAINT `FKhonrii08tjh9qmvmljsylv3tn` FOREIGN KEY (`author_id`) REFERENCES `employee` (`employee_id`)
) ENGINE=InnoDB DEFAULT CHARSET=utf8mb4 COLLATE=utf8mb4_0900_ai_ci;

-- 테이블 데이터 test.project:~0 rows (대략적) 내보내기
DELETE FROM `project`;

-- 테이블 test.project_member 구조 내보내기
CREATE TABLE IF NOT EXISTS `project_member` (
  `project_id` bigint NOT NULL,
  `employee_id` bigint NOT NULL,
  KEY `FKf3f6b8et04ihk4wokej6rex88` (`employee_id`),
  KEY `FK103dwxad12nbaxtmnwus4eft2` (`project_id`),
  CONSTRAINT `FK103dwxad12nbaxtmnwus4eft2` FOREIGN KEY (`project_id`) REFERENCES `project` (`project_id`),
  CONSTRAINT `FKf3f6b8et04ihk4wokej6rex88` FOREIGN KEY (`employee_id`) REFERENCES `employee` (`employee_id`)
) ENGINE=InnoDB DEFAULT CHARSET=utf8mb4 COLLATE=utf8mb4_0900_ai_ci;

-- 테이블 데이터 test.project_member:~0 rows (대략적) 내보내기
DELETE FROM `project_member`;

-- 테이블 test.refresh 구조 내보내기
CREATE TABLE IF NOT EXISTS `refresh` (
  `id` bigint NOT NULL AUTO_INCREMENT,
  `employee_id` bigint DEFAULT NULL,
  `expires_at` datetime(6) DEFAULT NULL,
  `refresh` text,
  PRIMARY KEY (`id`)
) ENGINE=InnoDB AUTO_INCREMENT=77 DEFAULT CHARSET=utf8mb4 COLLATE=utf8mb4_0900_ai_ci;

-- 테이블 데이터 test.refresh:~0 rows (대략적) 내보내기
DELETE FROM `refresh`;
INSERT INTO `refresh` (`id`, `employee_id`, `expires_at`, `refresh`) VALUES
	(11, 101, '2025-06-11 20:15:06.814173', 'eyJhbGciOiJIUzUxMiJ9.eyJzdWIiOiJsb2JpbDc3ODIiLCJjYXRlZ29yeSI6InJlZnJlc2giLCJsb2dpbklkIjoibG9iaWw3NzgyIiwiZW1wbG95ZWVJZCI6MTAxLCJuYW1lIjoi7KCV7J2Y7ZiEIiwicm9sZSI6IlJPTEVfQURNSU4iLCJpYXQiOjE3NDk2MzY5MDYsImV4cCI6MTc0OTY0MDUwNn0.8HWczoMXNrJdMDv4EyODCE2xbgj-ObIMafMMT4y6Aj-1K3LYlsSJqxeuFPmPO79dkfP8NCvc6i5tFbLr0WKS3Q'),
	(16, 10, '2025-06-12 13:39:23.343260', 'eyJhbGciOiJIUzUxMiJ9.eyJzdWIiOiJ1c2VyMTAiLCJjYXRlZ29yeSI6InJlZnJlc2giLCJsb2dpbklkIjoidXNlcjEwIiwiZW1wbG95ZWVJZCI6MTAsIm5hbWUiOiLsnKDsoIAxMCIsInJvbGUiOiJST0xFX0hFQUQiLCJpYXQiOjE3NDk2OTk1NjMsImV4cCI6MTc0OTcwMzE2M30.d39zl3sxaOWmiWgxYkf8Am_P435LUDOFs7nNahvyyPo5UulKajiQObShTlbu2YIBeii_8cSKc-EZUHT2No2ncQ'),
	(76, 1, '2025-06-16 10:25:26.949130', 'eyJhbGciOiJIUzUxMiJ9.eyJzdWIiOiJ1c2VyMSIsImNhdGVnb3J5IjoicmVmcmVzaCIsImxvZ2luSWQiOiJ1c2VyMSIsImVtcGxveWVlSWQiOjEsIm5hbWUiOiLsoJXsnZjtmIQiLCJyb2xlIjoiUk9MRV9BRE1JTiIsImlhdCI6MTc0OTk3NzEyNiwiZXhwIjoxNzUwMDM3MTI2fQ.hipdl8SxeqEiBQNWTrYutINFVO7p36rR29bmlT6a7PG68MEPK3VFSYft1Qt3xmbBg5NBwYNBGeO4HhsFFAyPlg');

-- 테이블 test.reservation_department 구조 내보내기
CREATE TABLE IF NOT EXISTS `reservation_department` (
  `reservation_id` bigint NOT NULL,
  `employee_id` bigint NOT NULL,
  PRIMARY KEY (`reservation_id`,`employee_id`),
  KEY `FKbdkxsi74oklq1tmd3tfyrhqgv` (`employee_id`),
  CONSTRAINT `FK1bc3uenxqcwfc3kx1ttlefyjc` FOREIGN KEY (`reservation_id`) REFERENCES `meeting_reservation` (`reservation_id`),
  CONSTRAINT `FKbdkxsi74oklq1tmd3tfyrhqgv` FOREIGN KEY (`employee_id`) REFERENCES `employee` (`employee_id`)
) ENGINE=InnoDB DEFAULT CHARSET=utf8mb4 COLLATE=utf8mb4_0900_ai_ci;

-- 테이블 데이터 test.reservation_department:~2 rows (대략적) 내보내기
DELETE FROM `reservation_department`;
INSERT INTO `reservation_department` (`reservation_id`, `employee_id`) VALUES
	(2, 1),
	(3, 1),
	(4, 1),
	(5, 2),
	(5, 11),
	(1, 12),
	(1, 13);

-- 테이블 test.salary 구조 내보내기
CREATE TABLE IF NOT EXISTS `salary` (
  `salary_id` bigint NOT NULL AUTO_INCREMENT,
  `base_salary` bigint NOT NULL,
  `bonus` bigint NOT NULL,
  `incentive` bigint NOT NULL,
  `memo` varchar(255) DEFAULT NULL,
  `salary_date` date NOT NULL,
  `salary_status` enum('PAID','SCHEDULED') NOT NULL,
  `salary_year_month` varchar(255) NOT NULL,
  `employee_id` bigint DEFAULT NULL,
  PRIMARY KEY (`salary_id`),
  KEY `FKnlnv3jbyvbiu8ci59r3btlk00` (`employee_id`),
  CONSTRAINT `FKnlnv3jbyvbiu8ci59r3btlk00` FOREIGN KEY (`employee_id`) REFERENCES `employee` (`employee_id`)
) ENGINE=InnoDB AUTO_INCREMENT=1803 DEFAULT CHARSET=utf8mb4 COLLATE=utf8mb4_0900_ai_ci;

-- 테이블 데이터 test.salary:~0 rows (대략적) 내보내기
DELETE FROM `salary`;
INSERT INTO `salary` (`salary_id`, `base_salary`, `bonus`, `incentive`, `memo`, `salary_date`, `salary_status`, `salary_year_month`, `employee_id`) VALUES
	(1, 110330975, 0, 0, 'CEO 기본급 자동생성', '2025-06-05', 'SCHEDULED', '2025-06', 1),
	(2, 65763317, 0, 0, 'EXECUTIVE 기본급 자동생성', '2025-06-05', 'PAID', '2025-06', 2),
	(3, 41192481, 0, 0, 'MANAGER 기본급 자동생성', '2025-06-05', 'PAID', '2025-06', 3),
	(4, 33084912, 0, 0, 'TEAM_LEADER 기본급 자동생성', '2025-06-05', 'PAID', '2025-06', 4),
	(5, 29083561, 0, 0, 'STAFF 기본급 자동생성', '2025-06-05', 'PAID', '2025-06', 5),
	(6, 28924504, 0, 0, 'STAFF 기본급 자동생성', '2025-06-05', 'PAID', '2025-06', 6),
	(7, 29346438, 0, 0, 'STAFF 기본급 자동생성', '2025-06-05', 'PAID', '2025-06', 7),
	(8, 21176110, 0, 0, 'STAFF 기본급 자동생성', '2025-06-05', 'PAID', '2025-06', 8),
	(9, 27026154, 0, 0, 'STAFF 기본급 자동생성', '2025-06-05', 'PAID', '2025-06', 9),
	(10, 20040992, 0, 0, 'STAFF 기본급 자동생성', '2025-06-05', 'PAID', '2025-06', 10),
	(11, 63674866, 0, 0, 'EXECUTIVE 기본급 자동생성', '2025-06-05', 'PAID', '2025-06', 11),
	(12, 47197942, 0, 0, 'MANAGER 기본급 자동생성', '2025-06-05', 'PAID', '2025-06', 12),
	(13, 56600135, 0, 0, 'MANAGER 기본급 자동생성', '2025-06-05', 'PAID', '2025-06', 13),
	(14, 33524473, 0, 0, 'TEAM_LEADER 기본급 자동생성', '2025-06-05', 'PAID', '2025-06', 14),
	(15, 40070098, 0, 0, 'TEAM_LEADER 기본급 자동생성', '2025-06-05', 'PAID', '2025-06', 15),
	(16, 37629461, 0, 0, 'TEAM_LEADER 기본급 자동생성', '2025-06-05', 'PAID', '2025-06', 16),
	(17, 25480248, 0, 0, 'STAFF 기본급 자동생성', '2025-06-05', 'PAID', '2025-06', 17),
	(18, 20765211, 0, 0, 'STAFF 기본급 자동생성', '2025-06-05', 'PAID', '2025-06', 18),
	(19, 28097707, 0, 0, 'STAFF 기본급 자동생성', '2025-06-05', 'PAID', '2025-06', 19),
	(20, 25537673, 0, 0, 'STAFF 기본급 자동생성', '2025-06-05', 'PAID', '2025-06', 20),
	(21, 28957718, 0, 0, 'STAFF 기본급 자동생성', '2025-06-05', 'PAID', '2025-06', 21),
	(22, 24460959, 0, 0, 'STAFF 기본급 자동생성', '2025-06-05', 'PAID', '2025-06', 22),
	(23, 20185995, 0, 0, 'STAFF 기본급 자동생성', '2025-06-05', 'PAID', '2025-06', 23),
	(24, 22766302, 0, 0, 'STAFF 기본급 자동생성', '2025-06-05', 'PAID', '2025-06', 24),
	(25, 23598003, 0, 0, 'STAFF 기본급 자동생성', '2025-06-05', 'PAID', '2025-06', 25),
	(26, 25362467, 0, 0, 'STAFF 기본급 자동생성', '2025-06-05', 'PAID', '2025-06', 26),
	(27, 26572485, 0, 0, 'STAFF 기본급 자동생성', '2025-06-05', 'PAID', '2025-06', 27),
	(28, 29701172, 0, 0, 'STAFF 기본급 자동생성', '2025-06-05', 'PAID', '2025-06', 28),
	(29, 23517316, 0, 0, 'STAFF 기본급 자동생성', '2025-06-05', 'PAID', '2025-06', 29),
	(30, 21199681, 0, 0, 'STAFF 기본급 자동생성', '2025-06-05', 'PAID', '2025-06', 30),
	(31, 25040909, 0, 0, 'STAFF 기본급 자동생성', '2025-06-05', 'PAID', '2025-06', 31),
	(32, 23966955, 0, 0, 'STAFF 기본급 자동생성', '2025-06-05', 'PAID', '2025-06', 32),
	(33, 24999768, 0, 0, 'STAFF 기본급 자동생성', '2025-06-05', 'PAID', '2025-06', 33),
	(34, 20075232, 0, 0, 'STAFF 기본급 자동생성', '2025-06-05', 'PAID', '2025-06', 34),
	(35, 21946211, 0, 0, 'STAFF 기본급 자동생성', '2025-06-05', 'PAID', '2025-06', 35),
	(36, 28528016, 0, 0, 'STAFF 기본급 자동생성', '2025-06-05', 'PAID', '2025-06', 36),
	(37, 20307819, 0, 0, 'STAFF 기본급 자동생성', '2025-06-05', 'PAID', '2025-06', 37),
	(38, 28190344, 0, 0, 'STAFF 기본급 자동생성', '2025-06-05', 'PAID', '2025-06', 38),
	(39, 21881844, 0, 0, 'STAFF 기본급 자동생성', '2025-06-05', 'PAID', '2025-06', 39),
	(40, 28606724, 0, 0, 'STAFF 기본급 자동생성', '2025-06-05', 'PAID', '2025-06', 40),
	(41, 24787722, 0, 0, 'STAFF 기본급 자동생성', '2025-06-05', 'PAID', '2025-06', 41),
	(42, 27005132, 0, 0, 'STAFF 기본급 자동생성', '2025-06-05', 'PAID', '2025-06', 42),
	(43, 24196996, 0, 0, 'STAFF 기본급 자동생성', '2025-06-05', 'PAID', '2025-06', 43),
	(44, 25568267, 0, 0, 'STAFF 기본급 자동생성', '2025-06-05', 'PAID', '2025-06', 44),
	(45, 22418947, 0, 0, 'STAFF 기본급 자동생성', '2025-06-05', 'PAID', '2025-06', 45),
	(46, 23058413, 0, 0, 'STAFF 기본급 자동생성', '2025-06-05', 'PAID', '2025-06', 46),
	(47, 21628232, 0, 0, 'STAFF 기본급 자동생성', '2025-06-05', 'PAID', '2025-06', 47),
	(48, 25352279, 0, 0, 'STAFF 기본급 자동생성', '2025-06-05', 'PAID', '2025-06', 48),
	(49, 29083809, 0, 0, 'STAFF 기본급 자동생성', '2025-06-05', 'PAID', '2025-06', 49),
	(50, 22674823, 0, 0, 'STAFF 기본급 자동생성', '2025-06-05', 'PAID', '2025-06', 50),
	(51, 28429911, 0, 0, 'STAFF 기본급 자동생성', '2025-06-05', 'PAID', '2025-06', 51),
	(52, 22577709, 0, 0, 'STAFF 기본급 자동생성', '2025-06-05', 'PAID', '2025-06', 52),
	(53, 26476118, 0, 0, 'STAFF 기본급 자동생성', '2025-06-05', 'PAID', '2025-06', 53),
	(54, 26489680, 0, 0, 'STAFF 기본급 자동생성', '2025-06-05', 'PAID', '2025-06', 54),
	(55, 23556100, 0, 0, 'STAFF 기본급 자동생성', '2025-06-05', 'PAID', '2025-06', 55),
	(56, 26554156, 0, 0, 'STAFF 기본급 자동생성', '2025-06-05', 'PAID', '2025-06', 56),
	(57, 26839654, 0, 0, 'STAFF 기본급 자동생성', '2025-06-05', 'PAID', '2025-06', 57),
	(58, 29304167, 0, 0, 'STAFF 기본급 자동생성', '2025-06-05', 'PAID', '2025-06', 58),
	(59, 29645022, 0, 0, 'STAFF 기본급 자동생성', '2025-06-05', 'PAID', '2025-06', 59),
	(60, 26276724, 0, 0, 'STAFF 기본급 자동생성', '2025-06-05', 'PAID', '2025-06', 60),
	(61, 28210832, 0, 0, 'STAFF 기본급 자동생성', '2025-06-05', 'PAID', '2025-06', 61),
	(62, 22373909, 0, 0, 'STAFF 기본급 자동생성', '2025-06-05', 'PAID', '2025-06', 62),
	(63, 20099205, 0, 0, 'STAFF 기본급 자동생성', '2025-06-05', 'PAID', '2025-06', 63),
	(64, 29593994, 0, 0, 'STAFF 기본급 자동생성', '2025-06-05', 'PAID', '2025-06', 64),
	(65, 23709384, 0, 0, 'STAFF 기본급 자동생성', '2025-06-05', 'PAID', '2025-06', 65),
	(66, 29210883, 0, 0, 'STAFF 기본급 자동생성', '2025-06-05', 'PAID', '2025-06', 66),
	(67, 29433964, 0, 0, 'STAFF 기본급 자동생성', '2025-06-05', 'PAID', '2025-06', 67),
	(68, 20558695, 0, 0, 'STAFF 기본급 자동생성', '2025-06-05', 'PAID', '2025-06', 68),
	(69, 28601342, 0, 0, 'STAFF 기본급 자동생성', '2025-06-05', 'PAID', '2025-06', 69),
	(70, 21546734, 0, 0, 'STAFF 기본급 자동생성', '2025-06-05', 'PAID', '2025-06', 70),
	(71, 25712979, 0, 0, 'STAFF 기본급 자동생성', '2025-06-05', 'PAID', '2025-06', 71),
	(72, 29828469, 0, 0, 'STAFF 기본급 자동생성', '2025-06-05', 'PAID', '2025-06', 72),
	(73, 20218473, 0, 0, 'STAFF 기본급 자동생성', '2025-06-05', 'PAID', '2025-06', 73),
	(74, 25745519, 0, 0, 'STAFF 기본급 자동생성', '2025-06-05', 'PAID', '2025-06', 74),
	(75, 28592793, 0, 0, 'STAFF 기본급 자동생성', '2025-06-05', 'PAID', '2025-06', 75),
	(76, 26219541, 0, 0, 'STAFF 기본급 자동생성', '2025-06-05', 'PAID', '2025-06', 76),
	(77, 22607774, 0, 0, 'STAFF 기본급 자동생성', '2025-06-05', 'PAID', '2025-06', 77),
	(78, 24534984, 0, 0, 'STAFF 기본급 자동생성', '2025-06-05', 'PAID', '2025-06', 78),
	(79, 22096738, 0, 0, 'STAFF 기본급 자동생성', '2025-06-05', 'PAID', '2025-06', 79),
	(80, 27245799, 0, 0, 'STAFF 기본급 자동생성', '2025-06-05', 'PAID', '2025-06', 80),
	(81, 29868351, 0, 0, 'STAFF 기본급 자동생성', '2025-06-05', 'PAID', '2025-06', 81),
	(82, 25478924, 0, 0, 'STAFF 기본급 자동생성', '2025-06-05', 'PAID', '2025-06', 82),
	(83, 29940675, 0, 0, 'STAFF 기본급 자동생성', '2025-06-05', 'PAID', '2025-06', 83),
	(84, 29753690, 0, 0, 'STAFF 기본급 자동생성', '2025-06-05', 'PAID', '2025-06', 84),
	(85, 27598031, 0, 0, 'STAFF 기본급 자동생성', '2025-06-05', 'PAID', '2025-06', 85),
	(86, 21812328, 0, 0, 'STAFF 기본급 자동생성', '2025-06-05', 'PAID', '2025-06', 86),
	(87, 26311599, 0, 0, 'STAFF 기본급 자동생성', '2025-06-05', 'PAID', '2025-06', 87),
	(88, 24933127, 0, 0, 'STAFF 기본급 자동생성', '2025-06-05', 'PAID', '2025-06', 88),
	(89, 28178184, 0, 0, 'STAFF 기본급 자동생성', '2025-06-05', 'PAID', '2025-06', 89),
	(90, 23395476, 0, 0, 'STAFF 기본급 자동생성', '2025-06-05', 'PAID', '2025-06', 90),
	(91, 25784617, 0, 0, 'STAFF 기본급 자동생성', '2025-06-05', 'PAID', '2025-06', 91),
	(92, 28701173, 0, 0, 'STAFF 기본급 자동생성', '2025-06-05', 'PAID', '2025-06', 92),
	(93, 23056676, 0, 0, 'STAFF 기본급 자동생성', '2025-06-05', 'PAID', '2025-06', 93),
	(94, 22741142, 0, 0, 'STAFF 기본급 자동생성', '2025-06-05', 'PAID', '2025-06', 94),
	(95, 22664912, 0, 0, 'STAFF 기본급 자동생성', '2025-06-05', 'PAID', '2025-06', 95),
	(96, 28835402, 0, 0, 'STAFF 기본급 자동생성', '2025-06-05', 'PAID', '2025-06', 96),
	(97, 21622362, 0, 0, 'STAFF 기본급 자동생성', '2025-06-05', 'PAID', '2025-06', 97),
	(98, 25580348, 0, 0, 'STAFF 기본급 자동생성', '2025-06-05', 'PAID', '2025-06', 98),
	(99, 21759828, 0, 0, 'STAFF 기본급 자동생성', '2025-06-05', 'PAID', '2025-06', 99),
	(100, 23955654, 0, 0, 'STAFF 기본급 자동생성', '2025-06-05', 'PAID', '2025-06', 100),
	(102, 65763317, 0, 0, '기본급 지급', '2025-05-05', 'PAID', '2025-05', 2),
	(103, 41192481, 0, 0, '기본급 지급', '2025-05-05', 'PAID', '2025-05', 3),
	(104, 33084912, 0, 0, '기본급 지급', '2025-05-05', 'PAID', '2025-05', 4),
	(105, 29083561, 0, 0, '기본급 지급', '2025-05-05', 'PAID', '2025-05', 5),
	(106, 28924504, 0, 0, '기본급 지급', '2025-05-05', 'PAID', '2025-05', 6),
	(107, 29346438, 0, 0, '기본급 지급', '2025-05-05', 'PAID', '2025-05', 7),
	(108, 21176110, 0, 0, '기본급 지급', '2025-05-05', 'PAID', '2025-05', 8),
	(109, 27026154, 0, 0, '기본급 지급', '2025-05-05', 'PAID', '2025-05', 9),
	(110, 20040992, 0, 0, '기본급 지급', '2025-05-05', 'PAID', '2025-05', 10),
	(111, 63674866, 0, 0, '기본급 지급', '2025-05-05', 'PAID', '2025-05', 11),
	(112, 47197942, 0, 0, '기본급 지급', '2025-05-05', 'PAID', '2025-05', 12),
	(113, 56600135, 0, 0, '기본급 지급', '2025-05-05', 'PAID', '2025-05', 13),
	(114, 33524473, 0, 0, '기본급 지급', '2025-05-05', 'PAID', '2025-05', 14),
	(115, 40070098, 0, 0, '기본급 지급', '2025-05-05', 'PAID', '2025-05', 15),
	(116, 37629461, 0, 0, '기본급 지급', '2025-05-05', 'PAID', '2025-05', 16),
	(117, 25480248, 0, 0, '기본급 지급', '2025-05-05', 'PAID', '2025-05', 17),
	(118, 20765211, 0, 0, '기본급 지급', '2025-05-05', 'PAID', '2025-05', 18),
	(119, 28097707, 0, 0, '기본급 지급', '2025-05-05', 'PAID', '2025-05', 19),
	(120, 25537673, 0, 0, '기본급 지급', '2025-05-05', 'PAID', '2025-05', 20),
	(121, 28957718, 0, 0, '기본급 지급', '2025-05-05', 'PAID', '2025-05', 21),
	(122, 24460959, 0, 0, '기본급 지급', '2025-05-05', 'PAID', '2025-05', 22),
	(123, 20185995, 0, 0, '기본급 지급', '2025-05-05', 'PAID', '2025-05', 23),
	(124, 22766302, 0, 0, '기본급 지급', '2025-05-05', 'PAID', '2025-05', 24),
	(125, 23598003, 0, 0, '기본급 지급', '2025-05-05', 'PAID', '2025-05', 25),
	(126, 25362467, 0, 0, '기본급 지급', '2025-05-05', 'PAID', '2025-05', 26),
	(127, 26572485, 0, 0, '기본급 지급', '2025-05-05', 'PAID', '2025-05', 27),
	(128, 29701172, 0, 0, '기본급 지급', '2025-05-05', 'PAID', '2025-05', 28),
	(129, 23517316, 0, 0, '기본급 지급', '2025-05-05', 'PAID', '2025-05', 29),
	(130, 21199681, 0, 0, '기본급 지급', '2025-05-05', 'PAID', '2025-05', 30),
	(131, 25040909, 0, 0, '기본급 지급', '2025-05-05', 'PAID', '2025-05', 31),
	(132, 23966955, 0, 0, '기본급 지급', '2025-05-05', 'PAID', '2025-05', 32),
	(133, 24999768, 0, 0, '기본급 지급', '2025-05-05', 'PAID', '2025-05', 33),
	(134, 20075232, 0, 0, '기본급 지급', '2025-05-05', 'PAID', '2025-05', 34),
	(135, 21946211, 0, 0, '기본급 지급', '2025-05-05', 'PAID', '2025-05', 35),
	(136, 28528016, 0, 0, '기본급 지급', '2025-05-05', 'PAID', '2025-05', 36),
	(137, 20307819, 0, 0, '기본급 지급', '2025-05-05', 'PAID', '2025-05', 37),
	(138, 28190344, 0, 0, '기본급 지급', '2025-05-05', 'PAID', '2025-05', 38),
	(139, 21881844, 0, 0, '기본급 지급', '2025-05-05', 'PAID', '2025-05', 39),
	(140, 28606724, 0, 0, '기본급 지급', '2025-05-05', 'PAID', '2025-05', 40),
	(141, 24787722, 0, 0, '기본급 지급', '2025-05-05', 'PAID', '2025-05', 41),
	(142, 27005132, 0, 0, '기본급 지급', '2025-05-05', 'PAID', '2025-05', 42),
	(143, 24196996, 0, 0, '기본급 지급', '2025-05-05', 'PAID', '2025-05', 43),
	(144, 25568267, 0, 0, '기본급 지급', '2025-05-05', 'PAID', '2025-05', 44),
	(145, 22418947, 0, 0, '기본급 지급', '2025-05-05', 'PAID', '2025-05', 45),
	(146, 23058413, 0, 0, '기본급 지급', '2025-05-05', 'PAID', '2025-05', 46),
	(147, 21628232, 0, 0, '기본급 지급', '2025-05-05', 'PAID', '2025-05', 47),
	(148, 25352279, 0, 0, '기본급 지급', '2025-05-05', 'PAID', '2025-05', 48),
	(149, 29083809, 0, 0, '기본급 지급', '2025-05-05', 'PAID', '2025-05', 49),
	(150, 22674823, 0, 0, '기본급 지급', '2025-05-05', 'PAID', '2025-05', 50),
	(151, 28429911, 0, 0, '기본급 지급', '2025-05-05', 'PAID', '2025-05', 51),
	(152, 22577709, 0, 0, '기본급 지급', '2025-05-05', 'PAID', '2025-05', 52),
	(153, 26476118, 0, 0, '기본급 지급', '2025-05-05', 'PAID', '2025-05', 53),
	(154, 26489680, 0, 0, '기본급 지급', '2025-05-05', 'PAID', '2025-05', 54),
	(155, 23556100, 0, 0, '기본급 지급', '2025-05-05', 'PAID', '2025-05', 55),
	(156, 26554156, 0, 0, '기본급 지급', '2025-05-05', 'PAID', '2025-05', 56),
	(157, 26839654, 0, 0, '기본급 지급', '2025-05-05', 'PAID', '2025-05', 57),
	(158, 29304167, 0, 0, '기본급 지급', '2025-05-05', 'PAID', '2025-05', 58),
	(159, 29645022, 0, 0, '기본급 지급', '2025-05-05', 'PAID', '2025-05', 59),
	(160, 26276724, 0, 0, '기본급 지급', '2025-05-05', 'PAID', '2025-05', 60),
	(161, 28210832, 0, 0, '기본급 지급', '2025-05-05', 'PAID', '2025-05', 61),
	(162, 22373909, 0, 0, '기본급 지급', '2025-05-05', 'PAID', '2025-05', 62),
	(163, 20099205, 0, 0, '기본급 지급', '2025-05-05', 'PAID', '2025-05', 63),
	(164, 29593994, 0, 0, '기본급 지급', '2025-05-05', 'PAID', '2025-05', 64),
	(165, 23709384, 0, 0, '기본급 지급', '2025-05-05', 'PAID', '2025-05', 65),
	(166, 29210883, 0, 0, '기본급 지급', '2025-05-05', 'PAID', '2025-05', 66),
	(167, 29433964, 0, 0, '기본급 지급', '2025-05-05', 'PAID', '2025-05', 67),
	(168, 20558695, 0, 0, '기본급 지급', '2025-05-05', 'PAID', '2025-05', 68),
	(169, 28601342, 0, 0, '기본급 지급', '2025-05-05', 'PAID', '2025-05', 69),
	(170, 21546734, 0, 0, '기본급 지급', '2025-05-05', 'PAID', '2025-05', 70),
	(171, 25712979, 0, 0, '기본급 지급', '2025-05-05', 'PAID', '2025-05', 71),
	(172, 29828469, 0, 0, '기본급 지급', '2025-05-05', 'PAID', '2025-05', 72),
	(173, 20218473, 0, 0, '기본급 지급', '2025-05-05', 'PAID', '2025-05', 73),
	(174, 25745519, 0, 0, '기본급 지급', '2025-05-05', 'PAID', '2025-05', 74),
	(175, 28592793, 0, 0, '기본급 지급', '2025-05-05', 'PAID', '2025-05', 75),
	(176, 26219541, 0, 0, '기본급 지급', '2025-05-05', 'PAID', '2025-05', 76),
	(177, 22607774, 0, 0, '기본급 지급', '2025-05-05', 'PAID', '2025-05', 77),
	(178, 24534984, 0, 0, '기본급 지급', '2025-05-05', 'PAID', '2025-05', 78),
	(179, 22096738, 0, 0, '기본급 지급', '2025-05-05', 'PAID', '2025-05', 79),
	(180, 27245799, 0, 0, '기본급 지급', '2025-05-05', 'PAID', '2025-05', 80),
	(181, 29868351, 0, 0, '기본급 지급', '2025-05-05', 'PAID', '2025-05', 81),
	(182, 25478924, 0, 0, '기본급 지급', '2025-05-05', 'PAID', '2025-05', 82),
	(183, 29940675, 0, 0, '기본급 지급', '2025-05-05', 'PAID', '2025-05', 83),
	(184, 29753690, 0, 0, '기본급 지급', '2025-05-05', 'PAID', '2025-05', 84),
	(185, 27598031, 0, 0, '기본급 지급', '2025-05-05', 'PAID', '2025-05', 85),
	(186, 21812328, 0, 0, '기본급 지급', '2025-05-05', 'PAID', '2025-05', 86),
	(187, 26311599, 0, 0, '기본급 지급', '2025-05-05', 'PAID', '2025-05', 87),
	(188, 24933127, 0, 0, '기본급 지급', '2025-05-05', 'PAID', '2025-05', 88),
	(189, 28178184, 0, 0, '기본급 지급', '2025-05-05', 'PAID', '2025-05', 89),
	(190, 23395476, 0, 0, '기본급 지급', '2025-05-05', 'PAID', '2025-05', 90),
	(191, 25784617, 0, 0, '기본급 지급', '2025-05-05', 'PAID', '2025-05', 91),
	(192, 28701173, 0, 0, '기본급 지급', '2025-05-05', 'PAID', '2025-05', 92),
	(193, 23056676, 0, 0, '기본급 지급', '2025-05-05', 'PAID', '2025-05', 93),
	(194, 22741142, 0, 0, '기본급 지급', '2025-05-05', 'PAID', '2025-05', 94),
	(195, 22664912, 0, 0, '기본급 지급', '2025-05-05', 'PAID', '2025-05', 95),
	(196, 28835402, 0, 0, '기본급 지급', '2025-05-05', 'PAID', '2025-05', 96),
	(197, 21622362, 0, 0, '기본급 지급', '2025-05-05', 'PAID', '2025-05', 97),
	(198, 25580348, 0, 0, '기본급 지급', '2025-05-05', 'PAID', '2025-05', 98),
	(199, 21759828, 0, 0, '기본급 지급', '2025-05-05', 'PAID', '2025-05', 99),
	(200, 23955654, 0, 0, '기본급 지급', '2025-05-05', 'PAID', '2025-05', 100),
	(201, 110330975, 0, 0, '기본급 지급', '2025-04-05', 'PAID', '2025-04', 1),
	(202, 65763317, 0, 0, '기본급 지급', '2025-04-05', 'PAID', '2025-04', 2),
	(203, 41192481, 0, 0, '기본급 지급', '2025-04-05', 'PAID', '2025-04', 3),
	(204, 33084912, 0, 0, '기본급 지급', '2025-04-05', 'PAID', '2025-04', 4),
	(205, 29083561, 0, 0, '기본급 지급', '2025-04-05', 'PAID', '2025-04', 5),
	(206, 28924504, 0, 0, '기본급 지급', '2025-04-05', 'PAID', '2025-04', 6),
	(207, 29346438, 0, 0, '기본급 지급', '2025-04-05', 'PAID', '2025-04', 7),
	(208, 21176110, 0, 0, '기본급 지급', '2025-04-05', 'PAID', '2025-04', 8),
	(209, 27026154, 0, 0, '기본급 지급', '2025-04-05', 'PAID', '2025-04', 9),
	(210, 20040992, 0, 0, '기본급 지급', '2025-04-05', 'PAID', '2025-04', 10),
	(211, 63674866, 0, 0, '기본급 지급', '2025-04-05', 'PAID', '2025-04', 11),
	(212, 47197942, 0, 0, '기본급 지급', '2025-04-05', 'PAID', '2025-04', 12),
	(213, 56600135, 0, 0, '기본급 지급', '2025-04-05', 'PAID', '2025-04', 13),
	(214, 33524473, 0, 0, '기본급 지급', '2025-04-05', 'PAID', '2025-04', 14),
	(215, 40070098, 0, 0, '기본급 지급', '2025-04-05', 'PAID', '2025-04', 15),
	(216, 37629461, 0, 0, '기본급 지급', '2025-04-05', 'PAID', '2025-04', 16),
	(217, 25480248, 0, 0, '기본급 지급', '2025-04-05', 'PAID', '2025-04', 17),
	(218, 20765211, 0, 0, '기본급 지급', '2025-04-05', 'PAID', '2025-04', 18),
	(219, 28097707, 0, 0, '기본급 지급', '2025-04-05', 'PAID', '2025-04', 19),
	(220, 25537673, 0, 0, '기본급 지급', '2025-04-05', 'PAID', '2025-04', 20),
	(221, 28957718, 0, 0, '기본급 지급', '2025-04-05', 'PAID', '2025-04', 21),
	(222, 24460959, 0, 0, '기본급 지급', '2025-04-05', 'PAID', '2025-04', 22),
	(223, 20185995, 0, 0, '기본급 지급', '2025-04-05', 'PAID', '2025-04', 23),
	(224, 22766302, 0, 0, '기본급 지급', '2025-04-05', 'PAID', '2025-04', 24),
	(225, 23598003, 0, 0, '기본급 지급', '2025-04-05', 'PAID', '2025-04', 25),
	(226, 25362467, 0, 0, '기본급 지급', '2025-04-05', 'PAID', '2025-04', 26),
	(227, 26572485, 0, 0, '기본급 지급', '2025-04-05', 'PAID', '2025-04', 27),
	(228, 29701172, 0, 0, '기본급 지급', '2025-04-05', 'PAID', '2025-04', 28),
	(229, 23517316, 0, 0, '기본급 지급', '2025-04-05', 'PAID', '2025-04', 29),
	(230, 21199681, 0, 0, '기본급 지급', '2025-04-05', 'PAID', '2025-04', 30),
	(231, 25040909, 0, 0, '기본급 지급', '2025-04-05', 'PAID', '2025-04', 31),
	(232, 23966955, 0, 0, '기본급 지급', '2025-04-05', 'PAID', '2025-04', 32),
	(233, 24999768, 0, 0, '기본급 지급', '2025-04-05', 'PAID', '2025-04', 33),
	(234, 20075232, 0, 0, '기본급 지급', '2025-04-05', 'PAID', '2025-04', 34),
	(235, 21946211, 0, 0, '기본급 지급', '2025-04-05', 'PAID', '2025-04', 35),
	(236, 28528016, 0, 0, '기본급 지급', '2025-04-05', 'PAID', '2025-04', 36),
	(237, 20307819, 0, 0, '기본급 지급', '2025-04-05', 'PAID', '2025-04', 37),
	(238, 28190344, 0, 0, '기본급 지급', '2025-04-05', 'PAID', '2025-04', 38),
	(239, 21881844, 0, 0, '기본급 지급', '2025-04-05', 'PAID', '2025-04', 39),
	(240, 28606724, 0, 0, '기본급 지급', '2025-04-05', 'PAID', '2025-04', 40),
	(241, 24787722, 0, 0, '기본급 지급', '2025-04-05', 'PAID', '2025-04', 41),
	(242, 27005132, 0, 0, '기본급 지급', '2025-04-05', 'PAID', '2025-04', 42),
	(243, 24196996, 0, 0, '기본급 지급', '2025-04-05', 'PAID', '2025-04', 43),
	(244, 25568267, 0, 0, '기본급 지급', '2025-04-05', 'PAID', '2025-04', 44),
	(245, 22418947, 0, 0, '기본급 지급', '2025-04-05', 'PAID', '2025-04', 45),
	(246, 23058413, 0, 0, '기본급 지급', '2025-04-05', 'PAID', '2025-04', 46),
	(247, 21628232, 0, 0, '기본급 지급', '2025-04-05', 'PAID', '2025-04', 47),
	(248, 25352279, 0, 0, '기본급 지급', '2025-04-05', 'PAID', '2025-04', 48),
	(249, 29083809, 0, 0, '기본급 지급', '2025-04-05', 'PAID', '2025-04', 49),
	(250, 22674823, 0, 0, '기본급 지급', '2025-04-05', 'PAID', '2025-04', 50),
	(251, 28429911, 0, 0, '기본급 지급', '2025-04-05', 'PAID', '2025-04', 51),
	(252, 22577709, 0, 0, '기본급 지급', '2025-04-05', 'PAID', '2025-04', 52),
	(253, 26476118, 0, 0, '기본급 지급', '2025-04-05', 'PAID', '2025-04', 53),
	(254, 26489680, 0, 0, '기본급 지급', '2025-04-05', 'PAID', '2025-04', 54),
	(255, 23556100, 0, 0, '기본급 지급', '2025-04-05', 'PAID', '2025-04', 55),
	(256, 26554156, 0, 0, '기본급 지급', '2025-04-05', 'PAID', '2025-04', 56),
	(257, 26839654, 0, 0, '기본급 지급', '2025-04-05', 'PAID', '2025-04', 57),
	(258, 29304167, 0, 0, '기본급 지급', '2025-04-05', 'PAID', '2025-04', 58),
	(259, 29645022, 0, 0, '기본급 지급', '2025-04-05', 'PAID', '2025-04', 59),
	(260, 26276724, 0, 0, '기본급 지급', '2025-04-05', 'PAID', '2025-04', 60),
	(261, 28210832, 0, 0, '기본급 지급', '2025-04-05', 'PAID', '2025-04', 61),
	(262, 22373909, 0, 0, '기본급 지급', '2025-04-05', 'PAID', '2025-04', 62),
	(263, 20099205, 0, 0, '기본급 지급', '2025-04-05', 'PAID', '2025-04', 63),
	(264, 29593994, 0, 0, '기본급 지급', '2025-04-05', 'PAID', '2025-04', 64),
	(265, 23709384, 0, 0, '기본급 지급', '2025-04-05', 'PAID', '2025-04', 65),
	(266, 29210883, 0, 0, '기본급 지급', '2025-04-05', 'PAID', '2025-04', 66),
	(267, 29433964, 0, 0, '기본급 지급', '2025-04-05', 'PAID', '2025-04', 67),
	(268, 20558695, 0, 0, '기본급 지급', '2025-04-05', 'PAID', '2025-04', 68),
	(269, 28601342, 0, 0, '기본급 지급', '2025-04-05', 'PAID', '2025-04', 69),
	(270, 21546734, 0, 0, '기본급 지급', '2025-04-05', 'PAID', '2025-04', 70),
	(271, 25712979, 0, 0, '기본급 지급', '2025-04-05', 'PAID', '2025-04', 71),
	(272, 29828469, 0, 0, '기본급 지급', '2025-04-05', 'PAID', '2025-04', 72),
	(273, 20218473, 0, 0, '기본급 지급', '2025-04-05', 'PAID', '2025-04', 73),
	(274, 25745519, 0, 0, '기본급 지급', '2025-04-05', 'PAID', '2025-04', 74),
	(275, 28592793, 0, 0, '기본급 지급', '2025-04-05', 'PAID', '2025-04', 75),
	(276, 26219541, 0, 0, '기본급 지급', '2025-04-05', 'PAID', '2025-04', 76),
	(277, 22607774, 0, 0, '기본급 지급', '2025-04-05', 'PAID', '2025-04', 77),
	(278, 24534984, 0, 0, '기본급 지급', '2025-04-05', 'PAID', '2025-04', 78),
	(279, 22096738, 0, 0, '기본급 지급', '2025-04-05', 'PAID', '2025-04', 79),
	(280, 27245799, 0, 0, '기본급 지급', '2025-04-05', 'PAID', '2025-04', 80),
	(281, 29868351, 0, 0, '기본급 지급', '2025-04-05', 'PAID', '2025-04', 81),
	(282, 25478924, 0, 0, '기본급 지급', '2025-04-05', 'PAID', '2025-04', 82),
	(283, 29940675, 0, 0, '기본급 지급', '2025-04-05', 'PAID', '2025-04', 83),
	(284, 29753690, 0, 0, '기본급 지급', '2025-04-05', 'PAID', '2025-04', 84),
	(285, 27598031, 0, 0, '기본급 지급', '2025-04-05', 'PAID', '2025-04', 85),
	(286, 21812328, 0, 0, '기본급 지급', '2025-04-05', 'PAID', '2025-04', 86),
	(287, 26311599, 0, 0, '기본급 지급', '2025-04-05', 'PAID', '2025-04', 87),
	(288, 24933127, 0, 0, '기본급 지급', '2025-04-05', 'PAID', '2025-04', 88),
	(289, 28178184, 0, 0, '기본급 지급', '2025-04-05', 'PAID', '2025-04', 89),
	(290, 23395476, 0, 0, '기본급 지급', '2025-04-05', 'PAID', '2025-04', 90),
	(291, 25784617, 0, 0, '기본급 지급', '2025-04-05', 'PAID', '2025-04', 91),
	(292, 28701173, 0, 0, '기본급 지급', '2025-04-05', 'PAID', '2025-04', 92),
	(293, 23056676, 0, 0, '기본급 지급', '2025-04-05', 'PAID', '2025-04', 93),
	(294, 22741142, 0, 0, '기본급 지급', '2025-04-05', 'PAID', '2025-04', 94),
	(295, 22664912, 0, 0, '기본급 지급', '2025-04-05', 'PAID', '2025-04', 95),
	(296, 28835402, 0, 0, '기본급 지급', '2025-04-05', 'PAID', '2025-04', 96),
	(297, 21622362, 0, 0, '기본급 지급', '2025-04-05', 'PAID', '2025-04', 97),
	(298, 25580348, 0, 0, '기본급 지급', '2025-04-05', 'PAID', '2025-04', 98),
	(299, 21759828, 0, 0, '기본급 지급', '2025-04-05', 'PAID', '2025-04', 99),
	(300, 23955654, 0, 0, '기본급 지급', '2025-04-05', 'PAID', '2025-04', 100),
	(301, 110330975, 0, 0, '기본급 지급', '2025-03-05', 'PAID', '2025-03', 1),
	(302, 65763317, 0, 0, '기본급 지급', '2025-03-05', 'PAID', '2025-03', 2),
	(303, 41192481, 0, 0, '기본급 지급', '2025-03-05', 'PAID', '2025-03', 3),
	(304, 33084912, 0, 0, '기본급 지급', '2025-03-05', 'PAID', '2025-03', 4),
	(305, 29083561, 0, 0, '기본급 지급', '2025-03-05', 'PAID', '2025-03', 5),
	(306, 28924504, 0, 0, '기본급 지급', '2025-03-05', 'PAID', '2025-03', 6),
	(307, 29346438, 0, 0, '기본급 지급', '2025-03-05', 'PAID', '2025-03', 7),
	(308, 21176110, 0, 0, '기본급 지급', '2025-03-05', 'PAID', '2025-03', 8),
	(309, 27026154, 0, 0, '기본급 지급', '2025-03-05', 'PAID', '2025-03', 9),
	(310, 20040992, 0, 0, '기본급 지급', '2025-03-05', 'PAID', '2025-03', 10),
	(311, 63674866, 0, 0, '기본급 지급', '2025-03-05', 'PAID', '2025-03', 11),
	(312, 47197942, 0, 0, '기본급 지급', '2025-03-05', 'PAID', '2025-03', 12),
	(313, 56600135, 0, 0, '기본급 지급', '2025-03-05', 'PAID', '2025-03', 13),
	(314, 33524473, 0, 0, '기본급 지급', '2025-03-05', 'PAID', '2025-03', 14),
	(315, 40070098, 0, 0, '기본급 지급', '2025-03-05', 'PAID', '2025-03', 15),
	(316, 37629461, 0, 0, '기본급 지급', '2025-03-05', 'PAID', '2025-03', 16),
	(317, 25480248, 0, 0, '기본급 지급', '2025-03-05', 'PAID', '2025-03', 17),
	(318, 20765211, 0, 0, '기본급 지급', '2025-03-05', 'PAID', '2025-03', 18),
	(319, 28097707, 0, 0, '기본급 지급', '2025-03-05', 'PAID', '2025-03', 19),
	(320, 25537673, 0, 0, '기본급 지급', '2025-03-05', 'PAID', '2025-03', 20),
	(321, 28957718, 0, 0, '기본급 지급', '2025-03-05', 'PAID', '2025-03', 21),
	(322, 24460959, 0, 0, '기본급 지급', '2025-03-05', 'PAID', '2025-03', 22),
	(323, 20185995, 0, 0, '기본급 지급', '2025-03-05', 'PAID', '2025-03', 23),
	(324, 22766302, 0, 0, '기본급 지급', '2025-03-05', 'PAID', '2025-03', 24),
	(325, 23598003, 0, 0, '기본급 지급', '2025-03-05', 'PAID', '2025-03', 25),
	(326, 25362467, 0, 0, '기본급 지급', '2025-03-05', 'PAID', '2025-03', 26),
	(327, 26572485, 0, 0, '기본급 지급', '2025-03-05', 'PAID', '2025-03', 27),
	(328, 29701172, 0, 0, '기본급 지급', '2025-03-05', 'PAID', '2025-03', 28),
	(329, 23517316, 0, 0, '기본급 지급', '2025-03-05', 'PAID', '2025-03', 29),
	(330, 21199681, 0, 0, '기본급 지급', '2025-03-05', 'PAID', '2025-03', 30),
	(331, 25040909, 0, 0, '기본급 지급', '2025-03-05', 'PAID', '2025-03', 31),
	(332, 23966955, 0, 0, '기본급 지급', '2025-03-05', 'PAID', '2025-03', 32),
	(333, 24999768, 0, 0, '기본급 지급', '2025-03-05', 'PAID', '2025-03', 33),
	(334, 20075232, 0, 0, '기본급 지급', '2025-03-05', 'PAID', '2025-03', 34),
	(335, 21946211, 0, 0, '기본급 지급', '2025-03-05', 'PAID', '2025-03', 35),
	(336, 28528016, 0, 0, '기본급 지급', '2025-03-05', 'PAID', '2025-03', 36),
	(337, 20307819, 0, 0, '기본급 지급', '2025-03-05', 'PAID', '2025-03', 37),
	(338, 28190344, 0, 0, '기본급 지급', '2025-03-05', 'PAID', '2025-03', 38),
	(339, 21881844, 0, 0, '기본급 지급', '2025-03-05', 'PAID', '2025-03', 39),
	(340, 28606724, 0, 0, '기본급 지급', '2025-03-05', 'PAID', '2025-03', 40),
	(341, 24787722, 0, 0, '기본급 지급', '2025-03-05', 'PAID', '2025-03', 41),
	(342, 27005132, 0, 0, '기본급 지급', '2025-03-05', 'PAID', '2025-03', 42),
	(343, 24196996, 0, 0, '기본급 지급', '2025-03-05', 'PAID', '2025-03', 43),
	(344, 25568267, 0, 0, '기본급 지급', '2025-03-05', 'PAID', '2025-03', 44),
	(345, 22418947, 0, 0, '기본급 지급', '2025-03-05', 'PAID', '2025-03', 45),
	(346, 23058413, 0, 0, '기본급 지급', '2025-03-05', 'PAID', '2025-03', 46),
	(347, 21628232, 0, 0, '기본급 지급', '2025-03-05', 'PAID', '2025-03', 47),
	(348, 25352279, 0, 0, '기본급 지급', '2025-03-05', 'PAID', '2025-03', 48),
	(349, 29083809, 0, 0, '기본급 지급', '2025-03-05', 'PAID', '2025-03', 49),
	(350, 22674823, 0, 0, '기본급 지급', '2025-03-05', 'PAID', '2025-03', 50),
	(351, 28429911, 0, 0, '기본급 지급', '2025-03-05', 'PAID', '2025-03', 51),
	(352, 22577709, 0, 0, '기본급 지급', '2025-03-05', 'PAID', '2025-03', 52),
	(353, 26476118, 0, 0, '기본급 지급', '2025-03-05', 'PAID', '2025-03', 53),
	(354, 26489680, 0, 0, '기본급 지급', '2025-03-05', 'PAID', '2025-03', 54),
	(355, 23556100, 0, 0, '기본급 지급', '2025-03-05', 'PAID', '2025-03', 55),
	(356, 26554156, 0, 0, '기본급 지급', '2025-03-05', 'PAID', '2025-03', 56),
	(357, 26839654, 0, 0, '기본급 지급', '2025-03-05', 'PAID', '2025-03', 57),
	(358, 29304167, 0, 0, '기본급 지급', '2025-03-05', 'PAID', '2025-03', 58),
	(359, 29645022, 0, 0, '기본급 지급', '2025-03-05', 'PAID', '2025-03', 59),
	(360, 26276724, 0, 0, '기본급 지급', '2025-03-05', 'PAID', '2025-03', 60),
	(361, 28210832, 0, 0, '기본급 지급', '2025-03-05', 'PAID', '2025-03', 61),
	(362, 22373909, 0, 0, '기본급 지급', '2025-03-05', 'PAID', '2025-03', 62),
	(363, 20099205, 0, 0, '기본급 지급', '2025-03-05', 'PAID', '2025-03', 63),
	(364, 29593994, 0, 0, '기본급 지급', '2025-03-05', 'PAID', '2025-03', 64),
	(365, 23709384, 0, 0, '기본급 지급', '2025-03-05', 'PAID', '2025-03', 65),
	(366, 29210883, 0, 0, '기본급 지급', '2025-03-05', 'PAID', '2025-03', 66),
	(367, 29433964, 0, 0, '기본급 지급', '2025-03-05', 'PAID', '2025-03', 67),
	(368, 20558695, 0, 0, '기본급 지급', '2025-03-05', 'PAID', '2025-03', 68),
	(369, 28601342, 0, 0, '기본급 지급', '2025-03-05', 'PAID', '2025-03', 69),
	(370, 21546734, 0, 0, '기본급 지급', '2025-03-05', 'PAID', '2025-03', 70),
	(371, 25712979, 0, 0, '기본급 지급', '2025-03-05', 'PAID', '2025-03', 71),
	(372, 29828469, 0, 0, '기본급 지급', '2025-03-05', 'PAID', '2025-03', 72),
	(373, 20218473, 0, 0, '기본급 지급', '2025-03-05', 'PAID', '2025-03', 73),
	(374, 25745519, 0, 0, '기본급 지급', '2025-03-05', 'PAID', '2025-03', 74),
	(375, 28592793, 0, 0, '기본급 지급', '2025-03-05', 'PAID', '2025-03', 75),
	(376, 26219541, 0, 0, '기본급 지급', '2025-03-05', 'PAID', '2025-03', 76),
	(377, 22607774, 0, 0, '기본급 지급', '2025-03-05', 'PAID', '2025-03', 77),
	(378, 24534984, 0, 0, '기본급 지급', '2025-03-05', 'PAID', '2025-03', 78),
	(379, 22096738, 0, 0, '기본급 지급', '2025-03-05', 'PAID', '2025-03', 79),
	(380, 27245799, 0, 0, '기본급 지급', '2025-03-05', 'PAID', '2025-03', 80),
	(381, 29868351, 0, 0, '기본급 지급', '2025-03-05', 'PAID', '2025-03', 81),
	(382, 25478924, 0, 0, '기본급 지급', '2025-03-05', 'PAID', '2025-03', 82),
	(383, 29940675, 0, 0, '기본급 지급', '2025-03-05', 'PAID', '2025-03', 83),
	(384, 29753690, 0, 0, '기본급 지급', '2025-03-05', 'PAID', '2025-03', 84),
	(385, 27598031, 0, 0, '기본급 지급', '2025-03-05', 'PAID', '2025-03', 85),
	(386, 21812328, 0, 0, '기본급 지급', '2025-03-05', 'PAID', '2025-03', 86),
	(387, 26311599, 0, 0, '기본급 지급', '2025-03-05', 'PAID', '2025-03', 87),
	(388, 24933127, 0, 0, '기본급 지급', '2025-03-05', 'PAID', '2025-03', 88),
	(389, 28178184, 0, 0, '기본급 지급', '2025-03-05', 'PAID', '2025-03', 89),
	(390, 23395476, 0, 0, '기본급 지급', '2025-03-05', 'PAID', '2025-03', 90),
	(391, 25784617, 0, 0, '기본급 지급', '2025-03-05', 'PAID', '2025-03', 91),
	(392, 28701173, 0, 0, '기본급 지급', '2025-03-05', 'PAID', '2025-03', 92),
	(393, 23056676, 0, 0, '기본급 지급', '2025-03-05', 'PAID', '2025-03', 93),
	(394, 22741142, 0, 0, '기본급 지급', '2025-03-05', 'PAID', '2025-03', 94),
	(395, 22664912, 0, 0, '기본급 지급', '2025-03-05', 'PAID', '2025-03', 95),
	(396, 28835402, 0, 0, '기본급 지급', '2025-03-05', 'PAID', '2025-03', 96),
	(397, 21622362, 0, 0, '기본급 지급', '2025-03-05', 'PAID', '2025-03', 97),
	(398, 25580348, 0, 0, '기본급 지급', '2025-03-05', 'PAID', '2025-03', 98),
	(399, 21759828, 0, 0, '기본급 지급', '2025-03-05', 'PAID', '2025-03', 99),
	(400, 23955654, 0, 0, '기본급 지급', '2025-03-05', 'PAID', '2025-03', 100),
	(401, 110330975, 0, 0, '기본급 지급', '2025-02-05', 'PAID', '2025-02', 1),
	(402, 65763317, 0, 0, '기본급 지급', '2025-02-05', 'PAID', '2025-02', 2),
	(403, 41192481, 0, 0, '기본급 지급', '2025-02-05', 'PAID', '2025-02', 3),
	(404, 33084912, 0, 0, '기본급 지급', '2025-02-05', 'PAID', '2025-02', 4),
	(405, 29083561, 0, 0, '기본급 지급', '2025-02-05', 'PAID', '2025-02', 5),
	(406, 28924504, 0, 0, '기본급 지급', '2025-02-05', 'PAID', '2025-02', 6),
	(407, 29346438, 0, 0, '기본급 지급', '2025-02-05', 'PAID', '2025-02', 7),
	(408, 21176110, 0, 0, '기본급 지급', '2025-02-05', 'PAID', '2025-02', 8),
	(409, 27026154, 0, 0, '기본급 지급', '2025-02-05', 'PAID', '2025-02', 9),
	(410, 20040992, 0, 0, '기본급 지급', '2025-02-05', 'PAID', '2025-02', 10),
	(411, 63674866, 0, 0, '기본급 지급', '2025-02-05', 'PAID', '2025-02', 11),
	(412, 47197942, 0, 0, '기본급 지급', '2025-02-05', 'PAID', '2025-02', 12),
	(413, 56600135, 0, 0, '기본급 지급', '2025-02-05', 'PAID', '2025-02', 13),
	(414, 33524473, 0, 0, '기본급 지급', '2025-02-05', 'PAID', '2025-02', 14),
	(415, 40070098, 0, 0, '기본급 지급', '2025-02-05', 'PAID', '2025-02', 15),
	(416, 37629461, 0, 0, '기본급 지급', '2025-02-05', 'PAID', '2025-02', 16),
	(417, 25480248, 0, 0, '기본급 지급', '2025-02-05', 'PAID', '2025-02', 17),
	(418, 20765211, 0, 0, '기본급 지급', '2025-02-05', 'PAID', '2025-02', 18),
	(419, 28097707, 0, 0, '기본급 지급', '2025-02-05', 'PAID', '2025-02', 19),
	(420, 25537673, 0, 0, '기본급 지급', '2025-02-05', 'PAID', '2025-02', 20),
	(421, 28957718, 0, 0, '기본급 지급', '2025-02-05', 'PAID', '2025-02', 21),
	(422, 24460959, 0, 0, '기본급 지급', '2025-02-05', 'PAID', '2025-02', 22),
	(423, 20185995, 0, 0, '기본급 지급', '2025-02-05', 'PAID', '2025-02', 23),
	(424, 22766302, 0, 0, '기본급 지급', '2025-02-05', 'PAID', '2025-02', 24),
	(425, 23598003, 0, 0, '기본급 지급', '2025-02-05', 'PAID', '2025-02', 25),
	(426, 25362467, 0, 0, '기본급 지급', '2025-02-05', 'PAID', '2025-02', 26),
	(427, 26572485, 0, 0, '기본급 지급', '2025-02-05', 'PAID', '2025-02', 27),
	(428, 29701172, 0, 0, '기본급 지급', '2025-02-05', 'PAID', '2025-02', 28),
	(429, 23517316, 0, 0, '기본급 지급', '2025-02-05', 'PAID', '2025-02', 29),
	(430, 21199681, 0, 0, '기본급 지급', '2025-02-05', 'PAID', '2025-02', 30),
	(431, 25040909, 0, 0, '기본급 지급', '2025-02-05', 'PAID', '2025-02', 31),
	(432, 23966955, 0, 0, '기본급 지급', '2025-02-05', 'PAID', '2025-02', 32),
	(433, 24999768, 0, 0, '기본급 지급', '2025-02-05', 'PAID', '2025-02', 33),
	(434, 20075232, 0, 0, '기본급 지급', '2025-02-05', 'PAID', '2025-02', 34),
	(435, 21946211, 0, 0, '기본급 지급', '2025-02-05', 'PAID', '2025-02', 35),
	(436, 28528016, 0, 0, '기본급 지급', '2025-02-05', 'PAID', '2025-02', 36),
	(437, 20307819, 0, 0, '기본급 지급', '2025-02-05', 'PAID', '2025-02', 37),
	(438, 28190344, 0, 0, '기본급 지급', '2025-02-05', 'PAID', '2025-02', 38),
	(439, 21881844, 0, 0, '기본급 지급', '2025-02-05', 'PAID', '2025-02', 39),
	(440, 28606724, 0, 0, '기본급 지급', '2025-02-05', 'PAID', '2025-02', 40),
	(441, 24787722, 0, 0, '기본급 지급', '2025-02-05', 'PAID', '2025-02', 41),
	(442, 27005132, 0, 0, '기본급 지급', '2025-02-05', 'PAID', '2025-02', 42),
	(443, 24196996, 0, 0, '기본급 지급', '2025-02-05', 'PAID', '2025-02', 43),
	(444, 25568267, 0, 0, '기본급 지급', '2025-02-05', 'PAID', '2025-02', 44),
	(445, 22418947, 0, 0, '기본급 지급', '2025-02-05', 'PAID', '2025-02', 45),
	(446, 23058413, 0, 0, '기본급 지급', '2025-02-05', 'PAID', '2025-02', 46),
	(447, 21628232, 0, 0, '기본급 지급', '2025-02-05', 'PAID', '2025-02', 47),
	(448, 25352279, 0, 0, '기본급 지급', '2025-02-05', 'PAID', '2025-02', 48),
	(449, 29083809, 0, 0, '기본급 지급', '2025-02-05', 'PAID', '2025-02', 49),
	(450, 22674823, 0, 0, '기본급 지급', '2025-02-05', 'PAID', '2025-02', 50),
	(451, 28429911, 0, 0, '기본급 지급', '2025-02-05', 'PAID', '2025-02', 51),
	(452, 22577709, 0, 0, '기본급 지급', '2025-02-05', 'PAID', '2025-02', 52),
	(453, 26476118, 0, 0, '기본급 지급', '2025-02-05', 'PAID', '2025-02', 53),
	(454, 26489680, 0, 0, '기본급 지급', '2025-02-05', 'PAID', '2025-02', 54),
	(455, 23556100, 0, 0, '기본급 지급', '2025-02-05', 'PAID', '2025-02', 55),
	(456, 26554156, 0, 0, '기본급 지급', '2025-02-05', 'PAID', '2025-02', 56),
	(457, 26839654, 0, 0, '기본급 지급', '2025-02-05', 'PAID', '2025-02', 57),
	(458, 29304167, 0, 0, '기본급 지급', '2025-02-05', 'PAID', '2025-02', 58),
	(459, 29645022, 0, 0, '기본급 지급', '2025-02-05', 'PAID', '2025-02', 59),
	(460, 26276724, 0, 0, '기본급 지급', '2025-02-05', 'PAID', '2025-02', 60),
	(461, 28210832, 0, 0, '기본급 지급', '2025-02-05', 'PAID', '2025-02', 61),
	(462, 22373909, 0, 0, '기본급 지급', '2025-02-05', 'PAID', '2025-02', 62),
	(463, 20099205, 0, 0, '기본급 지급', '2025-02-05', 'PAID', '2025-02', 63),
	(464, 29593994, 0, 0, '기본급 지급', '2025-02-05', 'PAID', '2025-02', 64),
	(465, 23709384, 0, 0, '기본급 지급', '2025-02-05', 'PAID', '2025-02', 65),
	(466, 29210883, 0, 0, '기본급 지급', '2025-02-05', 'PAID', '2025-02', 66),
	(467, 29433964, 0, 0, '기본급 지급', '2025-02-05', 'PAID', '2025-02', 67),
	(468, 20558695, 0, 0, '기본급 지급', '2025-02-05', 'PAID', '2025-02', 68),
	(469, 28601342, 0, 0, '기본급 지급', '2025-02-05', 'PAID', '2025-02', 69),
	(470, 21546734, 0, 0, '기본급 지급', '2025-02-05', 'PAID', '2025-02', 70),
	(471, 25712979, 0, 0, '기본급 지급', '2025-02-05', 'PAID', '2025-02', 71),
	(472, 29828469, 0, 0, '기본급 지급', '2025-02-05', 'PAID', '2025-02', 72),
	(473, 20218473, 0, 0, '기본급 지급', '2025-02-05', 'PAID', '2025-02', 73),
	(474, 25745519, 0, 0, '기본급 지급', '2025-02-05', 'PAID', '2025-02', 74),
	(475, 28592793, 0, 0, '기본급 지급', '2025-02-05', 'PAID', '2025-02', 75),
	(476, 26219541, 0, 0, '기본급 지급', '2025-02-05', 'PAID', '2025-02', 76),
	(477, 22607774, 0, 0, '기본급 지급', '2025-02-05', 'PAID', '2025-02', 77),
	(478, 24534984, 0, 0, '기본급 지급', '2025-02-05', 'PAID', '2025-02', 78),
	(479, 22096738, 0, 0, '기본급 지급', '2025-02-05', 'PAID', '2025-02', 79),
	(480, 27245799, 0, 0, '기본급 지급', '2025-02-05', 'PAID', '2025-02', 80),
	(481, 29868351, 0, 0, '기본급 지급', '2025-02-05', 'PAID', '2025-02', 81),
	(482, 25478924, 0, 0, '기본급 지급', '2025-02-05', 'PAID', '2025-02', 82),
	(483, 29940675, 0, 0, '기본급 지급', '2025-02-05', 'PAID', '2025-02', 83),
	(484, 29753690, 0, 0, '기본급 지급', '2025-02-05', 'PAID', '2025-02', 84),
	(485, 27598031, 0, 0, '기본급 지급', '2025-02-05', 'PAID', '2025-02', 85),
	(486, 21812328, 0, 0, '기본급 지급', '2025-02-05', 'PAID', '2025-02', 86),
	(487, 26311599, 0, 0, '기본급 지급', '2025-02-05', 'PAID', '2025-02', 87),
	(488, 24933127, 0, 0, '기본급 지급', '2025-02-05', 'PAID', '2025-02', 88),
	(489, 28178184, 0, 0, '기본급 지급', '2025-02-05', 'PAID', '2025-02', 89),
	(490, 23395476, 0, 0, '기본급 지급', '2025-02-05', 'PAID', '2025-02', 90),
	(491, 25784617, 0, 0, '기본급 지급', '2025-02-05', 'PAID', '2025-02', 91),
	(492, 28701173, 0, 0, '기본급 지급', '2025-02-05', 'PAID', '2025-02', 92),
	(493, 23056676, 0, 0, '기본급 지급', '2025-02-05', 'PAID', '2025-02', 93),
	(494, 22741142, 0, 0, '기본급 지급', '2025-02-05', 'PAID', '2025-02', 94),
	(495, 22664912, 0, 0, '기본급 지급', '2025-02-05', 'PAID', '2025-02', 95),
	(496, 28835402, 0, 0, '기본급 지급', '2025-02-05', 'PAID', '2025-02', 96),
	(497, 21622362, 0, 0, '기본급 지급', '2025-02-05', 'PAID', '2025-02', 97),
	(498, 25580348, 0, 0, '기본급 지급', '2025-02-05', 'PAID', '2025-02', 98),
	(499, 21759828, 0, 0, '기본급 지급', '2025-02-05', 'PAID', '2025-02', 99),
	(500, 23955654, 0, 0, '기본급 지급', '2025-02-05', 'PAID', '2025-02', 100),
	(501, 110330975, 0, 0, '기본급 지급', '2025-01-05', 'PAID', '2025-01', 1),
	(502, 65763317, 0, 0, '기본급 지급', '2025-01-05', 'PAID', '2025-01', 2),
	(503, 41192481, 0, 0, '기본급 지급', '2025-01-05', 'PAID', '2025-01', 3),
	(504, 33084912, 0, 0, '기본급 지급', '2025-01-05', 'PAID', '2025-01', 4),
	(505, 29083561, 0, 0, '기본급 지급', '2025-01-05', 'PAID', '2025-01', 5),
	(506, 28924504, 0, 0, '기본급 지급', '2025-01-05', 'PAID', '2025-01', 6),
	(507, 29346438, 0, 0, '기본급 지급', '2025-01-05', 'PAID', '2025-01', 7),
	(508, 21176110, 0, 0, '기본급 지급', '2025-01-05', 'PAID', '2025-01', 8),
	(509, 27026154, 0, 0, '기본급 지급', '2025-01-05', 'PAID', '2025-01', 9),
	(510, 20040992, 0, 0, '기본급 지급', '2025-01-05', 'PAID', '2025-01', 10),
	(511, 63674866, 0, 0, '기본급 지급', '2025-01-05', 'PAID', '2025-01', 11),
	(512, 47197942, 0, 0, '기본급 지급', '2025-01-05', 'PAID', '2025-01', 12),
	(513, 56600135, 0, 0, '기본급 지급', '2025-01-05', 'PAID', '2025-01', 13),
	(514, 33524473, 0, 0, '기본급 지급', '2025-01-05', 'PAID', '2025-01', 14),
	(515, 40070098, 0, 0, '기본급 지급', '2025-01-05', 'PAID', '2025-01', 15),
	(516, 37629461, 0, 0, '기본급 지급', '2025-01-05', 'PAID', '2025-01', 16),
	(517, 25480248, 0, 0, '기본급 지급', '2025-01-05', 'PAID', '2025-01', 17),
	(518, 20765211, 0, 0, '기본급 지급', '2025-01-05', 'PAID', '2025-01', 18),
	(519, 28097707, 0, 0, '기본급 지급', '2025-01-05', 'PAID', '2025-01', 19),
	(520, 25537673, 0, 0, '기본급 지급', '2025-01-05', 'PAID', '2025-01', 20),
	(521, 28957718, 0, 0, '기본급 지급', '2025-01-05', 'PAID', '2025-01', 21),
	(522, 24460959, 0, 0, '기본급 지급', '2025-01-05', 'PAID', '2025-01', 22),
	(523, 20185995, 0, 0, '기본급 지급', '2025-01-05', 'PAID', '2025-01', 23),
	(524, 22766302, 0, 0, '기본급 지급', '2025-01-05', 'PAID', '2025-01', 24),
	(525, 23598003, 0, 0, '기본급 지급', '2025-01-05', 'PAID', '2025-01', 25),
	(526, 25362467, 0, 0, '기본급 지급', '2025-01-05', 'PAID', '2025-01', 26),
	(527, 26572485, 0, 0, '기본급 지급', '2025-01-05', 'PAID', '2025-01', 27),
	(528, 29701172, 0, 0, '기본급 지급', '2025-01-05', 'PAID', '2025-01', 28),
	(529, 23517316, 0, 0, '기본급 지급', '2025-01-05', 'PAID', '2025-01', 29),
	(530, 21199681, 0, 0, '기본급 지급', '2025-01-05', 'PAID', '2025-01', 30),
	(531, 25040909, 0, 0, '기본급 지급', '2025-01-05', 'PAID', '2025-01', 31),
	(532, 23966955, 0, 0, '기본급 지급', '2025-01-05', 'PAID', '2025-01', 32),
	(533, 24999768, 0, 0, '기본급 지급', '2025-01-05', 'PAID', '2025-01', 33),
	(534, 20075232, 0, 0, '기본급 지급', '2025-01-05', 'PAID', '2025-01', 34),
	(535, 21946211, 0, 0, '기본급 지급', '2025-01-05', 'PAID', '2025-01', 35),
	(536, 28528016, 0, 0, '기본급 지급', '2025-01-05', 'PAID', '2025-01', 36),
	(537, 20307819, 0, 0, '기본급 지급', '2025-01-05', 'PAID', '2025-01', 37),
	(538, 28190344, 0, 0, '기본급 지급', '2025-01-05', 'PAID', '2025-01', 38),
	(539, 21881844, 0, 0, '기본급 지급', '2025-01-05', 'PAID', '2025-01', 39),
	(540, 28606724, 0, 0, '기본급 지급', '2025-01-05', 'PAID', '2025-01', 40),
	(541, 24787722, 0, 0, '기본급 지급', '2025-01-05', 'PAID', '2025-01', 41),
	(542, 27005132, 0, 0, '기본급 지급', '2025-01-05', 'PAID', '2025-01', 42),
	(543, 24196996, 0, 0, '기본급 지급', '2025-01-05', 'PAID', '2025-01', 43),
	(544, 25568267, 0, 0, '기본급 지급', '2025-01-05', 'PAID', '2025-01', 44),
	(545, 22418947, 0, 0, '기본급 지급', '2025-01-05', 'PAID', '2025-01', 45),
	(546, 23058413, 0, 0, '기본급 지급', '2025-01-05', 'PAID', '2025-01', 46),
	(547, 21628232, 0, 0, '기본급 지급', '2025-01-05', 'PAID', '2025-01', 47),
	(548, 25352279, 0, 0, '기본급 지급', '2025-01-05', 'PAID', '2025-01', 48),
	(549, 29083809, 0, 0, '기본급 지급', '2025-01-05', 'PAID', '2025-01', 49),
	(550, 22674823, 0, 0, '기본급 지급', '2025-01-05', 'PAID', '2025-01', 50),
	(551, 28429911, 0, 0, '기본급 지급', '2025-01-05', 'PAID', '2025-01', 51),
	(552, 22577709, 0, 0, '기본급 지급', '2025-01-05', 'PAID', '2025-01', 52),
	(553, 26476118, 0, 0, '기본급 지급', '2025-01-05', 'PAID', '2025-01', 53),
	(554, 26489680, 0, 0, '기본급 지급', '2025-01-05', 'PAID', '2025-01', 54),
	(555, 23556100, 0, 0, '기본급 지급', '2025-01-05', 'PAID', '2025-01', 55),
	(556, 26554156, 0, 0, '기본급 지급', '2025-01-05', 'PAID', '2025-01', 56),
	(557, 26839654, 0, 0, '기본급 지급', '2025-01-05', 'PAID', '2025-01', 57),
	(558, 29304167, 0, 0, '기본급 지급', '2025-01-05', 'PAID', '2025-01', 58),
	(559, 29645022, 0, 0, '기본급 지급', '2025-01-05', 'PAID', '2025-01', 59),
	(560, 26276724, 0, 0, '기본급 지급', '2025-01-05', 'PAID', '2025-01', 60),
	(561, 28210832, 0, 0, '기본급 지급', '2025-01-05', 'PAID', '2025-01', 61),
	(562, 22373909, 0, 0, '기본급 지급', '2025-01-05', 'PAID', '2025-01', 62),
	(563, 20099205, 0, 0, '기본급 지급', '2025-01-05', 'PAID', '2025-01', 63),
	(564, 29593994, 0, 0, '기본급 지급', '2025-01-05', 'PAID', '2025-01', 64),
	(565, 23709384, 0, 0, '기본급 지급', '2025-01-05', 'PAID', '2025-01', 65),
	(566, 29210883, 0, 0, '기본급 지급', '2025-01-05', 'PAID', '2025-01', 66),
	(567, 29433964, 0, 0, '기본급 지급', '2025-01-05', 'PAID', '2025-01', 67),
	(568, 20558695, 0, 0, '기본급 지급', '2025-01-05', 'PAID', '2025-01', 68),
	(569, 28601342, 0, 0, '기본급 지급', '2025-01-05', 'PAID', '2025-01', 69),
	(570, 21546734, 0, 0, '기본급 지급', '2025-01-05', 'PAID', '2025-01', 70),
	(571, 25712979, 0, 0, '기본급 지급', '2025-01-05', 'PAID', '2025-01', 71),
	(572, 29828469, 0, 0, '기본급 지급', '2025-01-05', 'PAID', '2025-01', 72),
	(573, 20218473, 0, 0, '기본급 지급', '2025-01-05', 'PAID', '2025-01', 73),
	(574, 25745519, 0, 0, '기본급 지급', '2025-01-05', 'PAID', '2025-01', 74),
	(575, 28592793, 0, 0, '기본급 지급', '2025-01-05', 'PAID', '2025-01', 75),
	(576, 26219541, 0, 0, '기본급 지급', '2025-01-05', 'PAID', '2025-01', 76),
	(577, 22607774, 0, 0, '기본급 지급', '2025-01-05', 'PAID', '2025-01', 77),
	(578, 24534984, 0, 0, '기본급 지급', '2025-01-05', 'PAID', '2025-01', 78),
	(579, 22096738, 0, 0, '기본급 지급', '2025-01-05', 'PAID', '2025-01', 79),
	(580, 27245799, 0, 0, '기본급 지급', '2025-01-05', 'PAID', '2025-01', 80),
	(581, 29868351, 0, 0, '기본급 지급', '2025-01-05', 'PAID', '2025-01', 81),
	(582, 25478924, 0, 0, '기본급 지급', '2025-01-05', 'PAID', '2025-01', 82),
	(583, 29940675, 0, 0, '기본급 지급', '2025-01-05', 'PAID', '2025-01', 83),
	(584, 29753690, 0, 0, '기본급 지급', '2025-01-05', 'PAID', '2025-01', 84),
	(585, 27598031, 0, 0, '기본급 지급', '2025-01-05', 'PAID', '2025-01', 85),
	(586, 21812328, 0, 0, '기본급 지급', '2025-01-05', 'PAID', '2025-01', 86),
	(587, 26311599, 0, 0, '기본급 지급', '2025-01-05', 'PAID', '2025-01', 87),
	(588, 24933127, 0, 0, '기본급 지급', '2025-01-05', 'PAID', '2025-01', 88),
	(589, 28178184, 0, 0, '기본급 지급', '2025-01-05', 'PAID', '2025-01', 89),
	(590, 23395476, 0, 0, '기본급 지급', '2025-01-05', 'PAID', '2025-01', 90),
	(591, 25784617, 0, 0, '기본급 지급', '2025-01-05', 'PAID', '2025-01', 91),
	(592, 28701173, 0, 0, '기본급 지급', '2025-01-05', 'PAID', '2025-01', 92),
	(593, 23056676, 0, 0, '기본급 지급', '2025-01-05', 'PAID', '2025-01', 93),
	(594, 22741142, 0, 0, '기본급 지급', '2025-01-05', 'PAID', '2025-01', 94),
	(595, 22664912, 0, 0, '기본급 지급', '2025-01-05', 'PAID', '2025-01', 95),
	(596, 28835402, 0, 0, '기본급 지급', '2025-01-05', 'PAID', '2025-01', 96),
	(597, 21622362, 0, 0, '기본급 지급', '2025-01-05', 'PAID', '2025-01', 97),
	(598, 25580348, 0, 0, '기본급 지급', '2025-01-05', 'PAID', '2025-01', 98),
	(599, 21759828, 0, 0, '기본급 지급', '2025-01-05', 'PAID', '2025-01', 99),
	(600, 23955654, 0, 0, '기본급 지급', '2025-01-05', 'PAID', '2025-01', 100),
	(601, 110330975, 0, 0, '기본급 지급', '2024-12-05', 'PAID', '2024-12', 1),
	(602, 65763317, 0, 0, '기본급 지급', '2024-12-05', 'PAID', '2024-12', 2),
	(603, 41192481, 0, 0, '기본급 지급', '2024-12-05', 'PAID', '2024-12', 3),
	(604, 33084912, 0, 0, '기본급 지급', '2024-12-05', 'PAID', '2024-12', 4),
	(605, 29083561, 0, 0, '기본급 지급', '2024-12-05', 'PAID', '2024-12', 5),
	(606, 28924504, 0, 0, '기본급 지급', '2024-12-05', 'PAID', '2024-12', 6),
	(607, 29346438, 0, 0, '기본급 지급', '2024-12-05', 'PAID', '2024-12', 7),
	(608, 21176110, 0, 0, '기본급 지급', '2024-12-05', 'PAID', '2024-12', 8),
	(609, 27026154, 0, 0, '기본급 지급', '2024-12-05', 'PAID', '2024-12', 9),
	(610, 20040992, 0, 0, '기본급 지급', '2024-12-05', 'PAID', '2024-12', 10),
	(611, 63674866, 0, 0, '기본급 지급', '2024-12-05', 'PAID', '2024-12', 11),
	(612, 47197942, 0, 0, '기본급 지급', '2024-12-05', 'PAID', '2024-12', 12),
	(613, 56600135, 0, 0, '기본급 지급', '2024-12-05', 'PAID', '2024-12', 13),
	(614, 33524473, 0, 0, '기본급 지급', '2024-12-05', 'PAID', '2024-12', 14),
	(615, 40070098, 0, 0, '기본급 지급', '2024-12-05', 'PAID', '2024-12', 15),
	(616, 37629461, 0, 0, '기본급 지급', '2024-12-05', 'PAID', '2024-12', 16),
	(617, 25480248, 0, 0, '기본급 지급', '2024-12-05', 'PAID', '2024-12', 17),
	(618, 20765211, 0, 0, '기본급 지급', '2024-12-05', 'PAID', '2024-12', 18),
	(619, 28097707, 0, 0, '기본급 지급', '2024-12-05', 'PAID', '2024-12', 19),
	(620, 25537673, 0, 0, '기본급 지급', '2024-12-05', 'PAID', '2024-12', 20),
	(621, 28957718, 0, 0, '기본급 지급', '2024-12-05', 'PAID', '2024-12', 21),
	(622, 24460959, 0, 0, '기본급 지급', '2024-12-05', 'PAID', '2024-12', 22),
	(623, 20185995, 0, 0, '기본급 지급', '2024-12-05', 'PAID', '2024-12', 23),
	(624, 22766302, 0, 0, '기본급 지급', '2024-12-05', 'PAID', '2024-12', 24),
	(625, 23598003, 0, 0, '기본급 지급', '2024-12-05', 'PAID', '2024-12', 25),
	(626, 25362467, 0, 0, '기본급 지급', '2024-12-05', 'PAID', '2024-12', 26),
	(627, 26572485, 0, 0, '기본급 지급', '2024-12-05', 'PAID', '2024-12', 27),
	(628, 29701172, 0, 0, '기본급 지급', '2024-12-05', 'PAID', '2024-12', 28),
	(629, 23517316, 0, 0, '기본급 지급', '2024-12-05', 'PAID', '2024-12', 29),
	(630, 21199681, 0, 0, '기본급 지급', '2024-12-05', 'PAID', '2024-12', 30),
	(631, 25040909, 0, 0, '기본급 지급', '2024-12-05', 'PAID', '2024-12', 31),
	(632, 23966955, 0, 0, '기본급 지급', '2024-12-05', 'PAID', '2024-12', 32),
	(633, 24999768, 0, 0, '기본급 지급', '2024-12-05', 'PAID', '2024-12', 33),
	(634, 20075232, 0, 0, '기본급 지급', '2024-12-05', 'PAID', '2024-12', 34),
	(635, 21946211, 0, 0, '기본급 지급', '2024-12-05', 'PAID', '2024-12', 35),
	(636, 28528016, 0, 0, '기본급 지급', '2024-12-05', 'PAID', '2024-12', 36),
	(637, 20307819, 0, 0, '기본급 지급', '2024-12-05', 'PAID', '2024-12', 37),
	(638, 28190344, 0, 0, '기본급 지급', '2024-12-05', 'PAID', '2024-12', 38),
	(639, 21881844, 0, 0, '기본급 지급', '2024-12-05', 'PAID', '2024-12', 39),
	(640, 28606724, 0, 0, '기본급 지급', '2024-12-05', 'PAID', '2024-12', 40),
	(641, 24787722, 0, 0, '기본급 지급', '2024-12-05', 'PAID', '2024-12', 41),
	(642, 27005132, 0, 0, '기본급 지급', '2024-12-05', 'PAID', '2024-12', 42),
	(643, 24196996, 0, 0, '기본급 지급', '2024-12-05', 'PAID', '2024-12', 43),
	(644, 25568267, 0, 0, '기본급 지급', '2024-12-05', 'PAID', '2024-12', 44),
	(645, 22418947, 0, 0, '기본급 지급', '2024-12-05', 'PAID', '2024-12', 45),
	(646, 23058413, 0, 0, '기본급 지급', '2024-12-05', 'PAID', '2024-12', 46),
	(647, 21628232, 0, 0, '기본급 지급', '2024-12-05', 'PAID', '2024-12', 47),
	(648, 25352279, 0, 0, '기본급 지급', '2024-12-05', 'PAID', '2024-12', 48),
	(649, 29083809, 0, 0, '기본급 지급', '2024-12-05', 'PAID', '2024-12', 49),
	(650, 22674823, 0, 0, '기본급 지급', '2024-12-05', 'PAID', '2024-12', 50),
	(651, 28429911, 0, 0, '기본급 지급', '2024-12-05', 'PAID', '2024-12', 51),
	(652, 22577709, 0, 0, '기본급 지급', '2024-12-05', 'PAID', '2024-12', 52),
	(653, 26476118, 0, 0, '기본급 지급', '2024-12-05', 'PAID', '2024-12', 53),
	(654, 26489680, 0, 0, '기본급 지급', '2024-12-05', 'PAID', '2024-12', 54),
	(655, 23556100, 0, 0, '기본급 지급', '2024-12-05', 'PAID', '2024-12', 55),
	(656, 26554156, 0, 0, '기본급 지급', '2024-12-05', 'PAID', '2024-12', 56),
	(657, 26839654, 0, 0, '기본급 지급', '2024-12-05', 'PAID', '2024-12', 57),
	(658, 29304167, 0, 0, '기본급 지급', '2024-12-05', 'PAID', '2024-12', 58),
	(659, 29645022, 0, 0, '기본급 지급', '2024-12-05', 'PAID', '2024-12', 59),
	(660, 26276724, 0, 0, '기본급 지급', '2024-12-05', 'PAID', '2024-12', 60),
	(661, 28210832, 0, 0, '기본급 지급', '2024-12-05', 'PAID', '2024-12', 61),
	(662, 22373909, 0, 0, '기본급 지급', '2024-12-05', 'PAID', '2024-12', 62),
	(663, 20099205, 0, 0, '기본급 지급', '2024-12-05', 'PAID', '2024-12', 63),
	(664, 29593994, 0, 0, '기본급 지급', '2024-12-05', 'PAID', '2024-12', 64),
	(665, 23709384, 0, 0, '기본급 지급', '2024-12-05', 'PAID', '2024-12', 65),
	(666, 29210883, 0, 0, '기본급 지급', '2024-12-05', 'PAID', '2024-12', 66),
	(667, 29433964, 0, 0, '기본급 지급', '2024-12-05', 'PAID', '2024-12', 67),
	(668, 20558695, 0, 0, '기본급 지급', '2024-12-05', 'PAID', '2024-12', 68),
	(669, 28601342, 0, 0, '기본급 지급', '2024-12-05', 'PAID', '2024-12', 69),
	(670, 21546734, 0, 0, '기본급 지급', '2024-12-05', 'PAID', '2024-12', 70),
	(671, 25712979, 0, 0, '기본급 지급', '2024-12-05', 'PAID', '2024-12', 71),
	(672, 29828469, 0, 0, '기본급 지급', '2024-12-05', 'PAID', '2024-12', 72),
	(673, 20218473, 0, 0, '기본급 지급', '2024-12-05', 'PAID', '2024-12', 73),
	(674, 25745519, 0, 0, '기본급 지급', '2024-12-05', 'PAID', '2024-12', 74),
	(675, 28592793, 0, 0, '기본급 지급', '2024-12-05', 'PAID', '2024-12', 75),
	(676, 26219541, 0, 0, '기본급 지급', '2024-12-05', 'PAID', '2024-12', 76),
	(677, 22607774, 0, 0, '기본급 지급', '2024-12-05', 'PAID', '2024-12', 77),
	(678, 24534984, 0, 0, '기본급 지급', '2024-12-05', 'PAID', '2024-12', 78),
	(679, 22096738, 0, 0, '기본급 지급', '2024-12-05', 'PAID', '2024-12', 79),
	(680, 27245799, 0, 0, '기본급 지급', '2024-12-05', 'PAID', '2024-12', 80),
	(681, 29868351, 0, 0, '기본급 지급', '2024-12-05', 'PAID', '2024-12', 81),
	(682, 25478924, 0, 0, '기본급 지급', '2024-12-05', 'PAID', '2024-12', 82),
	(683, 29940675, 0, 0, '기본급 지급', '2024-12-05', 'PAID', '2024-12', 83),
	(684, 29753690, 0, 0, '기본급 지급', '2024-12-05', 'PAID', '2024-12', 84),
	(685, 27598031, 0, 0, '기본급 지급', '2024-12-05', 'PAID', '2024-12', 85),
	(686, 21812328, 0, 0, '기본급 지급', '2024-12-05', 'PAID', '2024-12', 86),
	(687, 26311599, 0, 0, '기본급 지급', '2024-12-05', 'PAID', '2024-12', 87),
	(688, 24933127, 0, 0, '기본급 지급', '2024-12-05', 'PAID', '2024-12', 88),
	(689, 28178184, 0, 0, '기본급 지급', '2024-12-05', 'PAID', '2024-12', 89),
	(690, 23395476, 0, 0, '기본급 지급', '2024-12-05', 'PAID', '2024-12', 90),
	(691, 25784617, 0, 0, '기본급 지급', '2024-12-05', 'PAID', '2024-12', 91),
	(692, 28701173, 0, 0, '기본급 지급', '2024-12-05', 'PAID', '2024-12', 92),
	(693, 23056676, 0, 0, '기본급 지급', '2024-12-05', 'PAID', '2024-12', 93),
	(694, 22741142, 0, 0, '기본급 지급', '2024-12-05', 'PAID', '2024-12', 94),
	(695, 22664912, 0, 0, '기본급 지급', '2024-12-05', 'PAID', '2024-12', 95),
	(696, 28835402, 0, 0, '기본급 지급', '2024-12-05', 'PAID', '2024-12', 96),
	(697, 21622362, 0, 0, '기본급 지급', '2024-12-05', 'PAID', '2024-12', 97),
	(698, 25580348, 0, 0, '기본급 지급', '2024-12-05', 'PAID', '2024-12', 98),
	(699, 21759828, 0, 0, '기본급 지급', '2024-12-05', 'PAID', '2024-12', 99),
	(700, 23955654, 0, 0, '기본급 지급', '2024-12-05', 'PAID', '2024-12', 100),
	(701, 110330975, 0, 0, '기본급 지급', '2024-11-05', 'PAID', '2024-11', 1),
	(702, 65763317, 0, 0, '기본급 지급', '2024-11-05', 'PAID', '2024-11', 2),
	(703, 41192481, 0, 0, '기본급 지급', '2024-11-05', 'PAID', '2024-11', 3),
	(704, 33084912, 0, 0, '기본급 지급', '2024-11-05', 'PAID', '2024-11', 4),
	(705, 29083561, 0, 0, '기본급 지급', '2024-11-05', 'PAID', '2024-11', 5),
	(706, 28924504, 0, 0, '기본급 지급', '2024-11-05', 'PAID', '2024-11', 6),
	(707, 29346438, 0, 0, '기본급 지급', '2024-11-05', 'PAID', '2024-11', 7),
	(708, 21176110, 0, 0, '기본급 지급', '2024-11-05', 'PAID', '2024-11', 8),
	(709, 27026154, 0, 0, '기본급 지급', '2024-11-05', 'PAID', '2024-11', 9),
	(710, 20040992, 0, 0, '기본급 지급', '2024-11-05', 'PAID', '2024-11', 10),
	(711, 63674866, 0, 0, '기본급 지급', '2024-11-05', 'PAID', '2024-11', 11),
	(712, 47197942, 0, 0, '기본급 지급', '2024-11-05', 'PAID', '2024-11', 12),
	(713, 56600135, 0, 0, '기본급 지급', '2024-11-05', 'PAID', '2024-11', 13),
	(714, 33524473, 0, 0, '기본급 지급', '2024-11-05', 'PAID', '2024-11', 14),
	(715, 40070098, 0, 0, '기본급 지급', '2024-11-05', 'PAID', '2024-11', 15),
	(716, 37629461, 0, 0, '기본급 지급', '2024-11-05', 'PAID', '2024-11', 16),
	(717, 25480248, 0, 0, '기본급 지급', '2024-11-05', 'PAID', '2024-11', 17),
	(718, 20765211, 0, 0, '기본급 지급', '2024-11-05', 'PAID', '2024-11', 18),
	(719, 28097707, 0, 0, '기본급 지급', '2024-11-05', 'PAID', '2024-11', 19),
	(720, 25537673, 0, 0, '기본급 지급', '2024-11-05', 'PAID', '2024-11', 20),
	(721, 28957718, 0, 0, '기본급 지급', '2024-11-05', 'PAID', '2024-11', 21),
	(722, 24460959, 0, 0, '기본급 지급', '2024-11-05', 'PAID', '2024-11', 22),
	(723, 20185995, 0, 0, '기본급 지급', '2024-11-05', 'PAID', '2024-11', 23),
	(724, 22766302, 0, 0, '기본급 지급', '2024-11-05', 'PAID', '2024-11', 24),
	(725, 23598003, 0, 0, '기본급 지급', '2024-11-05', 'PAID', '2024-11', 25),
	(726, 25362467, 0, 0, '기본급 지급', '2024-11-05', 'PAID', '2024-11', 26),
	(727, 26572485, 0, 0, '기본급 지급', '2024-11-05', 'PAID', '2024-11', 27),
	(728, 29701172, 0, 0, '기본급 지급', '2024-11-05', 'PAID', '2024-11', 28),
	(729, 23517316, 0, 0, '기본급 지급', '2024-11-05', 'PAID', '2024-11', 29),
	(730, 21199681, 0, 0, '기본급 지급', '2024-11-05', 'PAID', '2024-11', 30),
	(731, 25040909, 0, 0, '기본급 지급', '2024-11-05', 'PAID', '2024-11', 31),
	(732, 23966955, 0, 0, '기본급 지급', '2024-11-05', 'PAID', '2024-11', 32),
	(733, 24999768, 0, 0, '기본급 지급', '2024-11-05', 'PAID', '2024-11', 33),
	(734, 20075232, 0, 0, '기본급 지급', '2024-11-05', 'PAID', '2024-11', 34),
	(735, 21946211, 0, 0, '기본급 지급', '2024-11-05', 'PAID', '2024-11', 35),
	(736, 28528016, 0, 0, '기본급 지급', '2024-11-05', 'PAID', '2024-11', 36),
	(737, 20307819, 0, 0, '기본급 지급', '2024-11-05', 'PAID', '2024-11', 37),
	(738, 28190344, 0, 0, '기본급 지급', '2024-11-05', 'PAID', '2024-11', 38),
	(739, 21881844, 0, 0, '기본급 지급', '2024-11-05', 'PAID', '2024-11', 39),
	(740, 28606724, 0, 0, '기본급 지급', '2024-11-05', 'PAID', '2024-11', 40),
	(741, 24787722, 0, 0, '기본급 지급', '2024-11-05', 'PAID', '2024-11', 41),
	(742, 27005132, 0, 0, '기본급 지급', '2024-11-05', 'PAID', '2024-11', 42),
	(743, 24196996, 0, 0, '기본급 지급', '2024-11-05', 'PAID', '2024-11', 43),
	(744, 25568267, 0, 0, '기본급 지급', '2024-11-05', 'PAID', '2024-11', 44),
	(745, 22418947, 0, 0, '기본급 지급', '2024-11-05', 'PAID', '2024-11', 45),
	(746, 23058413, 0, 0, '기본급 지급', '2024-11-05', 'PAID', '2024-11', 46),
	(747, 21628232, 0, 0, '기본급 지급', '2024-11-05', 'PAID', '2024-11', 47),
	(748, 25352279, 0, 0, '기본급 지급', '2024-11-05', 'PAID', '2024-11', 48),
	(749, 29083809, 0, 0, '기본급 지급', '2024-11-05', 'PAID', '2024-11', 49),
	(750, 22674823, 0, 0, '기본급 지급', '2024-11-05', 'PAID', '2024-11', 50),
	(751, 28429911, 0, 0, '기본급 지급', '2024-11-05', 'PAID', '2024-11', 51),
	(752, 22577709, 0, 0, '기본급 지급', '2024-11-05', 'PAID', '2024-11', 52),
	(753, 26476118, 0, 0, '기본급 지급', '2024-11-05', 'PAID', '2024-11', 53),
	(754, 26489680, 0, 0, '기본급 지급', '2024-11-05', 'PAID', '2024-11', 54),
	(755, 23556100, 0, 0, '기본급 지급', '2024-11-05', 'PAID', '2024-11', 55),
	(756, 26554156, 0, 0, '기본급 지급', '2024-11-05', 'PAID', '2024-11', 56),
	(757, 26839654, 0, 0, '기본급 지급', '2024-11-05', 'PAID', '2024-11', 57),
	(758, 29304167, 0, 0, '기본급 지급', '2024-11-05', 'PAID', '2024-11', 58),
	(759, 29645022, 0, 0, '기본급 지급', '2024-11-05', 'PAID', '2024-11', 59),
	(760, 26276724, 0, 0, '기본급 지급', '2024-11-05', 'PAID', '2024-11', 60),
	(761, 28210832, 0, 0, '기본급 지급', '2024-11-05', 'PAID', '2024-11', 61),
	(762, 22373909, 0, 0, '기본급 지급', '2024-11-05', 'PAID', '2024-11', 62),
	(763, 20099205, 0, 0, '기본급 지급', '2024-11-05', 'PAID', '2024-11', 63),
	(764, 29593994, 0, 0, '기본급 지급', '2024-11-05', 'PAID', '2024-11', 64),
	(765, 23709384, 0, 0, '기본급 지급', '2024-11-05', 'PAID', '2024-11', 65),
	(766, 29210883, 0, 0, '기본급 지급', '2024-11-05', 'PAID', '2024-11', 66),
	(767, 29433964, 0, 0, '기본급 지급', '2024-11-05', 'PAID', '2024-11', 67),
	(768, 20558695, 0, 0, '기본급 지급', '2024-11-05', 'PAID', '2024-11', 68),
	(769, 28601342, 0, 0, '기본급 지급', '2024-11-05', 'PAID', '2024-11', 69),
	(770, 21546734, 0, 0, '기본급 지급', '2024-11-05', 'PAID', '2024-11', 70),
	(771, 25712979, 0, 0, '기본급 지급', '2024-11-05', 'PAID', '2024-11', 71),
	(772, 29828469, 0, 0, '기본급 지급', '2024-11-05', 'PAID', '2024-11', 72),
	(773, 20218473, 0, 0, '기본급 지급', '2024-11-05', 'PAID', '2024-11', 73),
	(774, 25745519, 0, 0, '기본급 지급', '2024-11-05', 'PAID', '2024-11', 74),
	(775, 28592793, 0, 0, '기본급 지급', '2024-11-05', 'PAID', '2024-11', 75),
	(776, 26219541, 0, 0, '기본급 지급', '2024-11-05', 'PAID', '2024-11', 76),
	(777, 22607774, 0, 0, '기본급 지급', '2024-11-05', 'PAID', '2024-11', 77),
	(778, 24534984, 0, 0, '기본급 지급', '2024-11-05', 'PAID', '2024-11', 78),
	(779, 22096738, 0, 0, '기본급 지급', '2024-11-05', 'PAID', '2024-11', 79),
	(780, 27245799, 0, 0, '기본급 지급', '2024-11-05', 'PAID', '2024-11', 80),
	(781, 29868351, 0, 0, '기본급 지급', '2024-11-05', 'PAID', '2024-11', 81),
	(782, 25478924, 0, 0, '기본급 지급', '2024-11-05', 'PAID', '2024-11', 82),
	(783, 29940675, 0, 0, '기본급 지급', '2024-11-05', 'PAID', '2024-11', 83),
	(784, 29753690, 0, 0, '기본급 지급', '2024-11-05', 'PAID', '2024-11', 84),
	(785, 27598031, 0, 0, '기본급 지급', '2024-11-05', 'PAID', '2024-11', 85),
	(786, 21812328, 0, 0, '기본급 지급', '2024-11-05', 'PAID', '2024-11', 86),
	(787, 26311599, 0, 0, '기본급 지급', '2024-11-05', 'PAID', '2024-11', 87),
	(788, 24933127, 0, 0, '기본급 지급', '2024-11-05', 'PAID', '2024-11', 88),
	(789, 28178184, 0, 0, '기본급 지급', '2024-11-05', 'PAID', '2024-11', 89),
	(790, 23395476, 0, 0, '기본급 지급', '2024-11-05', 'PAID', '2024-11', 90),
	(791, 25784617, 0, 0, '기본급 지급', '2024-11-05', 'PAID', '2024-11', 91),
	(792, 28701173, 0, 0, '기본급 지급', '2024-11-05', 'PAID', '2024-11', 92),
	(793, 23056676, 0, 0, '기본급 지급', '2024-11-05', 'PAID', '2024-11', 93),
	(794, 22741142, 0, 0, '기본급 지급', '2024-11-05', 'PAID', '2024-11', 94),
	(795, 22664912, 0, 0, '기본급 지급', '2024-11-05', 'PAID', '2024-11', 95),
	(796, 28835402, 0, 0, '기본급 지급', '2024-11-05', 'PAID', '2024-11', 96),
	(797, 21622362, 0, 0, '기본급 지급', '2024-11-05', 'PAID', '2024-11', 97),
	(798, 25580348, 0, 0, '기본급 지급', '2024-11-05', 'PAID', '2024-11', 98),
	(799, 21759828, 0, 0, '기본급 지급', '2024-11-05', 'PAID', '2024-11', 99),
	(800, 23955654, 0, 0, '기본급 지급', '2024-11-05', 'PAID', '2024-11', 100),
	(801, 110330975, 0, 0, '기본급 지급', '2024-10-05', 'PAID', '2024-10', 1),
	(802, 65763317, 0, 0, '기본급 지급', '2024-10-05', 'PAID', '2024-10', 2),
	(803, 41192481, 0, 0, '기본급 지급', '2024-10-05', 'PAID', '2024-10', 3),
	(804, 33084912, 0, 0, '기본급 지급', '2024-10-05', 'PAID', '2024-10', 4),
	(805, 29083561, 0, 0, '기본급 지급', '2024-10-05', 'PAID', '2024-10', 5),
	(806, 28924504, 0, 0, '기본급 지급', '2024-10-05', 'PAID', '2024-10', 6),
	(807, 29346438, 0, 0, '기본급 지급', '2024-10-05', 'PAID', '2024-10', 7),
	(808, 21176110, 0, 0, '기본급 지급', '2024-10-05', 'PAID', '2024-10', 8),
	(809, 27026154, 0, 0, '기본급 지급', '2024-10-05', 'PAID', '2024-10', 9),
	(810, 20040992, 0, 0, '기본급 지급', '2024-10-05', 'PAID', '2024-10', 10),
	(811, 63674866, 0, 0, '기본급 지급', '2024-10-05', 'PAID', '2024-10', 11),
	(812, 47197942, 0, 0, '기본급 지급', '2024-10-05', 'PAID', '2024-10', 12),
	(813, 56600135, 0, 0, '기본급 지급', '2024-10-05', 'PAID', '2024-10', 13),
	(814, 33524473, 0, 0, '기본급 지급', '2024-10-05', 'PAID', '2024-10', 14),
	(815, 40070098, 0, 0, '기본급 지급', '2024-10-05', 'PAID', '2024-10', 15),
	(816, 37629461, 0, 0, '기본급 지급', '2024-10-05', 'PAID', '2024-10', 16),
	(817, 25480248, 0, 0, '기본급 지급', '2024-10-05', 'PAID', '2024-10', 17),
	(818, 20765211, 0, 0, '기본급 지급', '2024-10-05', 'PAID', '2024-10', 18),
	(819, 28097707, 0, 0, '기본급 지급', '2024-10-05', 'PAID', '2024-10', 19),
	(820, 25537673, 0, 0, '기본급 지급', '2024-10-05', 'PAID', '2024-10', 20),
	(821, 28957718, 0, 0, '기본급 지급', '2024-10-05', 'PAID', '2024-10', 21),
	(822, 24460959, 0, 0, '기본급 지급', '2024-10-05', 'PAID', '2024-10', 22),
	(823, 20185995, 0, 0, '기본급 지급', '2024-10-05', 'PAID', '2024-10', 23),
	(824, 22766302, 0, 0, '기본급 지급', '2024-10-05', 'PAID', '2024-10', 24),
	(825, 23598003, 0, 0, '기본급 지급', '2024-10-05', 'PAID', '2024-10', 25),
	(826, 25362467, 0, 0, '기본급 지급', '2024-10-05', 'PAID', '2024-10', 26),
	(827, 26572485, 0, 0, '기본급 지급', '2024-10-05', 'PAID', '2024-10', 27),
	(828, 29701172, 0, 0, '기본급 지급', '2024-10-05', 'PAID', '2024-10', 28),
	(829, 23517316, 0, 0, '기본급 지급', '2024-10-05', 'PAID', '2024-10', 29),
	(830, 21199681, 0, 0, '기본급 지급', '2024-10-05', 'PAID', '2024-10', 30),
	(831, 25040909, 0, 0, '기본급 지급', '2024-10-05', 'PAID', '2024-10', 31),
	(832, 23966955, 0, 0, '기본급 지급', '2024-10-05', 'PAID', '2024-10', 32),
	(833, 24999768, 0, 0, '기본급 지급', '2024-10-05', 'PAID', '2024-10', 33),
	(834, 20075232, 0, 0, '기본급 지급', '2024-10-05', 'PAID', '2024-10', 34),
	(835, 21946211, 0, 0, '기본급 지급', '2024-10-05', 'PAID', '2024-10', 35),
	(836, 28528016, 0, 0, '기본급 지급', '2024-10-05', 'PAID', '2024-10', 36),
	(837, 20307819, 0, 0, '기본급 지급', '2024-10-05', 'PAID', '2024-10', 37),
	(838, 28190344, 0, 0, '기본급 지급', '2024-10-05', 'PAID', '2024-10', 38),
	(839, 21881844, 0, 0, '기본급 지급', '2024-10-05', 'PAID', '2024-10', 39),
	(840, 28606724, 0, 0, '기본급 지급', '2024-10-05', 'PAID', '2024-10', 40),
	(841, 24787722, 0, 0, '기본급 지급', '2024-10-05', 'PAID', '2024-10', 41),
	(842, 27005132, 0, 0, '기본급 지급', '2024-10-05', 'PAID', '2024-10', 42),
	(843, 24196996, 0, 0, '기본급 지급', '2024-10-05', 'PAID', '2024-10', 43),
	(844, 25568267, 0, 0, '기본급 지급', '2024-10-05', 'PAID', '2024-10', 44),
	(845, 22418947, 0, 0, '기본급 지급', '2024-10-05', 'PAID', '2024-10', 45),
	(846, 23058413, 0, 0, '기본급 지급', '2024-10-05', 'PAID', '2024-10', 46),
	(847, 21628232, 0, 0, '기본급 지급', '2024-10-05', 'PAID', '2024-10', 47),
	(848, 25352279, 0, 0, '기본급 지급', '2024-10-05', 'PAID', '2024-10', 48),
	(849, 29083809, 0, 0, '기본급 지급', '2024-10-05', 'PAID', '2024-10', 49),
	(850, 22674823, 0, 0, '기본급 지급', '2024-10-05', 'PAID', '2024-10', 50),
	(851, 28429911, 0, 0, '기본급 지급', '2024-10-05', 'PAID', '2024-10', 51),
	(852, 22577709, 0, 0, '기본급 지급', '2024-10-05', 'PAID', '2024-10', 52),
	(853, 26476118, 0, 0, '기본급 지급', '2024-10-05', 'PAID', '2024-10', 53),
	(854, 26489680, 0, 0, '기본급 지급', '2024-10-05', 'PAID', '2024-10', 54),
	(855, 23556100, 0, 0, '기본급 지급', '2024-10-05', 'PAID', '2024-10', 55),
	(856, 26554156, 0, 0, '기본급 지급', '2024-10-05', 'PAID', '2024-10', 56),
	(857, 26839654, 0, 0, '기본급 지급', '2024-10-05', 'PAID', '2024-10', 57),
	(858, 29304167, 0, 0, '기본급 지급', '2024-10-05', 'PAID', '2024-10', 58),
	(859, 29645022, 0, 0, '기본급 지급', '2024-10-05', 'PAID', '2024-10', 59),
	(860, 26276724, 0, 0, '기본급 지급', '2024-10-05', 'PAID', '2024-10', 60),
	(861, 28210832, 0, 0, '기본급 지급', '2024-10-05', 'PAID', '2024-10', 61),
	(862, 22373909, 0, 0, '기본급 지급', '2024-10-05', 'PAID', '2024-10', 62),
	(863, 20099205, 0, 0, '기본급 지급', '2024-10-05', 'PAID', '2024-10', 63),
	(864, 29593994, 0, 0, '기본급 지급', '2024-10-05', 'PAID', '2024-10', 64),
	(865, 23709384, 0, 0, '기본급 지급', '2024-10-05', 'PAID', '2024-10', 65),
	(866, 29210883, 0, 0, '기본급 지급', '2024-10-05', 'PAID', '2024-10', 66),
	(867, 29433964, 0, 0, '기본급 지급', '2024-10-05', 'PAID', '2024-10', 67),
	(868, 20558695, 0, 0, '기본급 지급', '2024-10-05', 'PAID', '2024-10', 68),
	(869, 28601342, 0, 0, '기본급 지급', '2024-10-05', 'PAID', '2024-10', 69),
	(870, 21546734, 0, 0, '기본급 지급', '2024-10-05', 'PAID', '2024-10', 70),
	(871, 25712979, 0, 0, '기본급 지급', '2024-10-05', 'PAID', '2024-10', 71),
	(872, 29828469, 0, 0, '기본급 지급', '2024-10-05', 'PAID', '2024-10', 72),
	(873, 20218473, 0, 0, '기본급 지급', '2024-10-05', 'PAID', '2024-10', 73),
	(874, 25745519, 0, 0, '기본급 지급', '2024-10-05', 'PAID', '2024-10', 74),
	(875, 28592793, 0, 0, '기본급 지급', '2024-10-05', 'PAID', '2024-10', 75),
	(876, 26219541, 0, 0, '기본급 지급', '2024-10-05', 'PAID', '2024-10', 76),
	(877, 22607774, 0, 0, '기본급 지급', '2024-10-05', 'PAID', '2024-10', 77),
	(878, 24534984, 0, 0, '기본급 지급', '2024-10-05', 'PAID', '2024-10', 78),
	(879, 22096738, 0, 0, '기본급 지급', '2024-10-05', 'PAID', '2024-10', 79),
	(880, 27245799, 0, 0, '기본급 지급', '2024-10-05', 'PAID', '2024-10', 80),
	(881, 29868351, 0, 0, '기본급 지급', '2024-10-05', 'PAID', '2024-10', 81),
	(882, 25478924, 0, 0, '기본급 지급', '2024-10-05', 'PAID', '2024-10', 82),
	(883, 29940675, 0, 0, '기본급 지급', '2024-10-05', 'PAID', '2024-10', 83),
	(884, 29753690, 0, 0, '기본급 지급', '2024-10-05', 'PAID', '2024-10', 84),
	(885, 27598031, 0, 0, '기본급 지급', '2024-10-05', 'PAID', '2024-10', 85),
	(886, 21812328, 0, 0, '기본급 지급', '2024-10-05', 'PAID', '2024-10', 86),
	(887, 26311599, 0, 0, '기본급 지급', '2024-10-05', 'PAID', '2024-10', 87),
	(888, 24933127, 0, 0, '기본급 지급', '2024-10-05', 'PAID', '2024-10', 88),
	(889, 28178184, 0, 0, '기본급 지급', '2024-10-05', 'PAID', '2024-10', 89),
	(890, 23395476, 0, 0, '기본급 지급', '2024-10-05', 'PAID', '2024-10', 90),
	(891, 25784617, 0, 0, '기본급 지급', '2024-10-05', 'PAID', '2024-10', 91),
	(892, 28701173, 0, 0, '기본급 지급', '2024-10-05', 'PAID', '2024-10', 92),
	(893, 23056676, 0, 0, '기본급 지급', '2024-10-05', 'PAID', '2024-10', 93),
	(894, 22741142, 0, 0, '기본급 지급', '2024-10-05', 'PAID', '2024-10', 94),
	(895, 22664912, 0, 0, '기본급 지급', '2024-10-05', 'PAID', '2024-10', 95),
	(896, 28835402, 0, 0, '기본급 지급', '2024-10-05', 'PAID', '2024-10', 96),
	(897, 21622362, 0, 0, '기본급 지급', '2024-10-05', 'PAID', '2024-10', 97),
	(898, 25580348, 0, 0, '기본급 지급', '2024-10-05', 'PAID', '2024-10', 98),
	(899, 21759828, 0, 0, '기본급 지급', '2024-10-05', 'PAID', '2024-10', 99),
	(900, 23955654, 0, 0, '기본급 지급', '2024-10-05', 'PAID', '2024-10', 100),
	(901, 110330975, 0, 0, '기본급 지급', '2024-09-05', 'PAID', '2024-09', 1),
	(902, 65763317, 0, 0, '기본급 지급', '2024-09-05', 'PAID', '2024-09', 2),
	(903, 41192481, 0, 0, '기본급 지급', '2024-09-05', 'PAID', '2024-09', 3),
	(904, 33084912, 0, 0, '기본급 지급', '2024-09-05', 'PAID', '2024-09', 4),
	(905, 29083561, 0, 0, '기본급 지급', '2024-09-05', 'PAID', '2024-09', 5),
	(906, 28924504, 0, 0, '기본급 지급', '2024-09-05', 'PAID', '2024-09', 6),
	(907, 29346438, 0, 0, '기본급 지급', '2024-09-05', 'PAID', '2024-09', 7),
	(908, 21176110, 0, 0, '기본급 지급', '2024-09-05', 'PAID', '2024-09', 8),
	(909, 27026154, 0, 0, '기본급 지급', '2024-09-05', 'PAID', '2024-09', 9),
	(910, 20040992, 0, 0, '기본급 지급', '2024-09-05', 'PAID', '2024-09', 10),
	(911, 63674866, 0, 0, '기본급 지급', '2024-09-05', 'PAID', '2024-09', 11),
	(912, 47197942, 0, 0, '기본급 지급', '2024-09-05', 'PAID', '2024-09', 12),
	(913, 56600135, 0, 0, '기본급 지급', '2024-09-05', 'PAID', '2024-09', 13),
	(914, 33524473, 0, 0, '기본급 지급', '2024-09-05', 'PAID', '2024-09', 14),
	(915, 40070098, 0, 0, '기본급 지급', '2024-09-05', 'PAID', '2024-09', 15),
	(916, 37629461, 0, 0, '기본급 지급', '2024-09-05', 'PAID', '2024-09', 16),
	(917, 25480248, 0, 0, '기본급 지급', '2024-09-05', 'PAID', '2024-09', 17),
	(918, 20765211, 0, 0, '기본급 지급', '2024-09-05', 'PAID', '2024-09', 18),
	(919, 28097707, 0, 0, '기본급 지급', '2024-09-05', 'PAID', '2024-09', 19),
	(920, 25537673, 0, 0, '기본급 지급', '2024-09-05', 'PAID', '2024-09', 20),
	(921, 28957718, 0, 0, '기본급 지급', '2024-09-05', 'PAID', '2024-09', 21),
	(922, 24460959, 0, 0, '기본급 지급', '2024-09-05', 'PAID', '2024-09', 22),
	(923, 20185995, 0, 0, '기본급 지급', '2024-09-05', 'PAID', '2024-09', 23),
	(924, 22766302, 0, 0, '기본급 지급', '2024-09-05', 'PAID', '2024-09', 24),
	(925, 23598003, 0, 0, '기본급 지급', '2024-09-05', 'PAID', '2024-09', 25),
	(926, 25362467, 0, 0, '기본급 지급', '2024-09-05', 'PAID', '2024-09', 26),
	(927, 26572485, 0, 0, '기본급 지급', '2024-09-05', 'PAID', '2024-09', 27),
	(928, 29701172, 0, 0, '기본급 지급', '2024-09-05', 'PAID', '2024-09', 28),
	(929, 23517316, 0, 0, '기본급 지급', '2024-09-05', 'PAID', '2024-09', 29),
	(930, 21199681, 0, 0, '기본급 지급', '2024-09-05', 'PAID', '2024-09', 30),
	(931, 25040909, 0, 0, '기본급 지급', '2024-09-05', 'PAID', '2024-09', 31),
	(932, 23966955, 0, 0, '기본급 지급', '2024-09-05', 'PAID', '2024-09', 32),
	(933, 24999768, 0, 0, '기본급 지급', '2024-09-05', 'PAID', '2024-09', 33),
	(934, 20075232, 0, 0, '기본급 지급', '2024-09-05', 'PAID', '2024-09', 34),
	(935, 21946211, 0, 0, '기본급 지급', '2024-09-05', 'PAID', '2024-09', 35),
	(936, 28528016, 0, 0, '기본급 지급', '2024-09-05', 'PAID', '2024-09', 36),
	(937, 20307819, 0, 0, '기본급 지급', '2024-09-05', 'PAID', '2024-09', 37),
	(938, 28190344, 0, 0, '기본급 지급', '2024-09-05', 'PAID', '2024-09', 38),
	(939, 21881844, 0, 0, '기본급 지급', '2024-09-05', 'PAID', '2024-09', 39),
	(940, 28606724, 0, 0, '기본급 지급', '2024-09-05', 'PAID', '2024-09', 40),
	(941, 24787722, 0, 0, '기본급 지급', '2024-09-05', 'PAID', '2024-09', 41),
	(942, 27005132, 0, 0, '기본급 지급', '2024-09-05', 'PAID', '2024-09', 42),
	(943, 24196996, 0, 0, '기본급 지급', '2024-09-05', 'PAID', '2024-09', 43),
	(944, 25568267, 0, 0, '기본급 지급', '2024-09-05', 'PAID', '2024-09', 44),
	(945, 22418947, 0, 0, '기본급 지급', '2024-09-05', 'PAID', '2024-09', 45),
	(946, 23058413, 0, 0, '기본급 지급', '2024-09-05', 'PAID', '2024-09', 46),
	(947, 21628232, 0, 0, '기본급 지급', '2024-09-05', 'PAID', '2024-09', 47),
	(948, 25352279, 0, 0, '기본급 지급', '2024-09-05', 'PAID', '2024-09', 48),
	(949, 29083809, 0, 0, '기본급 지급', '2024-09-05', 'PAID', '2024-09', 49),
	(950, 22674823, 0, 0, '기본급 지급', '2024-09-05', 'PAID', '2024-09', 50),
	(951, 28429911, 0, 0, '기본급 지급', '2024-09-05', 'PAID', '2024-09', 51),
	(952, 22577709, 0, 0, '기본급 지급', '2024-09-05', 'PAID', '2024-09', 52),
	(953, 26476118, 0, 0, '기본급 지급', '2024-09-05', 'PAID', '2024-09', 53),
	(954, 26489680, 0, 0, '기본급 지급', '2024-09-05', 'PAID', '2024-09', 54),
	(955, 23556100, 0, 0, '기본급 지급', '2024-09-05', 'PAID', '2024-09', 55),
	(956, 26554156, 0, 0, '기본급 지급', '2024-09-05', 'PAID', '2024-09', 56),
	(957, 26839654, 0, 0, '기본급 지급', '2024-09-05', 'PAID', '2024-09', 57),
	(958, 29304167, 0, 0, '기본급 지급', '2024-09-05', 'PAID', '2024-09', 58),
	(959, 29645022, 0, 0, '기본급 지급', '2024-09-05', 'PAID', '2024-09', 59),
	(960, 26276724, 0, 0, '기본급 지급', '2024-09-05', 'PAID', '2024-09', 60),
	(961, 28210832, 0, 0, '기본급 지급', '2024-09-05', 'PAID', '2024-09', 61),
	(962, 22373909, 0, 0, '기본급 지급', '2024-09-05', 'PAID', '2024-09', 62),
	(963, 20099205, 0, 0, '기본급 지급', '2024-09-05', 'PAID', '2024-09', 63),
	(964, 29593994, 0, 0, '기본급 지급', '2024-09-05', 'PAID', '2024-09', 64),
	(965, 23709384, 0, 0, '기본급 지급', '2024-09-05', 'PAID', '2024-09', 65),
	(966, 29210883, 0, 0, '기본급 지급', '2024-09-05', 'PAID', '2024-09', 66),
	(967, 29433964, 0, 0, '기본급 지급', '2024-09-05', 'PAID', '2024-09', 67),
	(968, 20558695, 0, 0, '기본급 지급', '2024-09-05', 'PAID', '2024-09', 68),
	(969, 28601342, 0, 0, '기본급 지급', '2024-09-05', 'PAID', '2024-09', 69),
	(970, 21546734, 0, 0, '기본급 지급', '2024-09-05', 'PAID', '2024-09', 70),
	(971, 25712979, 0, 0, '기본급 지급', '2024-09-05', 'PAID', '2024-09', 71),
	(972, 29828469, 0, 0, '기본급 지급', '2024-09-05', 'PAID', '2024-09', 72),
	(973, 20218473, 0, 0, '기본급 지급', '2024-09-05', 'PAID', '2024-09', 73),
	(974, 25745519, 0, 0, '기본급 지급', '2024-09-05', 'PAID', '2024-09', 74),
	(975, 28592793, 0, 0, '기본급 지급', '2024-09-05', 'PAID', '2024-09', 75),
	(976, 26219541, 0, 0, '기본급 지급', '2024-09-05', 'PAID', '2024-09', 76),
	(977, 22607774, 0, 0, '기본급 지급', '2024-09-05', 'PAID', '2024-09', 77),
	(978, 24534984, 0, 0, '기본급 지급', '2024-09-05', 'PAID', '2024-09', 78),
	(979, 22096738, 0, 0, '기본급 지급', '2024-09-05', 'PAID', '2024-09', 79),
	(980, 27245799, 0, 0, '기본급 지급', '2024-09-05', 'PAID', '2024-09', 80),
	(981, 29868351, 0, 0, '기본급 지급', '2024-09-05', 'PAID', '2024-09', 81),
	(982, 25478924, 0, 0, '기본급 지급', '2024-09-05', 'PAID', '2024-09', 82),
	(983, 29940675, 0, 0, '기본급 지급', '2024-09-05', 'PAID', '2024-09', 83),
	(984, 29753690, 0, 0, '기본급 지급', '2024-09-05', 'PAID', '2024-09', 84),
	(985, 27598031, 0, 0, '기본급 지급', '2024-09-05', 'PAID', '2024-09', 85),
	(986, 21812328, 0, 0, '기본급 지급', '2024-09-05', 'PAID', '2024-09', 86),
	(987, 26311599, 0, 0, '기본급 지급', '2024-09-05', 'PAID', '2024-09', 87),
	(988, 24933127, 0, 0, '기본급 지급', '2024-09-05', 'PAID', '2024-09', 88),
	(989, 28178184, 0, 0, '기본급 지급', '2024-09-05', 'PAID', '2024-09', 89),
	(990, 23395476, 0, 0, '기본급 지급', '2024-09-05', 'PAID', '2024-09', 90),
	(991, 25784617, 0, 0, '기본급 지급', '2024-09-05', 'PAID', '2024-09', 91),
	(992, 28701173, 0, 0, '기본급 지급', '2024-09-05', 'PAID', '2024-09', 92),
	(993, 23056676, 0, 0, '기본급 지급', '2024-09-05', 'PAID', '2024-09', 93),
	(994, 22741142, 0, 0, '기본급 지급', '2024-09-05', 'PAID', '2024-09', 94),
	(995, 22664912, 0, 0, '기본급 지급', '2024-09-05', 'PAID', '2024-09', 95),
	(996, 28835402, 0, 0, '기본급 지급', '2024-09-05', 'PAID', '2024-09', 96),
	(997, 21622362, 0, 0, '기본급 지급', '2024-09-05', 'PAID', '2024-09', 97),
	(998, 25580348, 0, 0, '기본급 지급', '2024-09-05', 'PAID', '2024-09', 98),
	(999, 21759828, 0, 0, '기본급 지급', '2024-09-05', 'PAID', '2024-09', 99),
	(1000, 23955654, 0, 0, '기본급 지급', '2024-09-05', 'PAID', '2024-09', 100),
	(1001, 110330975, 0, 0, '기본급 지급', '2024-08-05', 'PAID', '2024-08', 1),
	(1002, 65763317, 0, 0, '기본급 지급', '2024-08-05', 'PAID', '2024-08', 2),
	(1003, 41192481, 0, 0, '기본급 지급', '2024-08-05', 'PAID', '2024-08', 3),
	(1004, 33084912, 0, 0, '기본급 지급', '2024-08-05', 'PAID', '2024-08', 4),
	(1005, 29083561, 0, 0, '기본급 지급', '2024-08-05', 'PAID', '2024-08', 5),
	(1006, 28924504, 0, 0, '기본급 지급', '2024-08-05', 'PAID', '2024-08', 6),
	(1007, 29346438, 0, 0, '기본급 지급', '2024-08-05', 'PAID', '2024-08', 7),
	(1008, 21176110, 0, 0, '기본급 지급', '2024-08-05', 'PAID', '2024-08', 8),
	(1009, 27026154, 0, 0, '기본급 지급', '2024-08-05', 'PAID', '2024-08', 9),
	(1010, 20040992, 0, 0, '기본급 지급', '2024-08-05', 'PAID', '2024-08', 10),
	(1011, 63674866, 0, 0, '기본급 지급', '2024-08-05', 'PAID', '2024-08', 11),
	(1012, 47197942, 0, 0, '기본급 지급', '2024-08-05', 'PAID', '2024-08', 12),
	(1013, 56600135, 0, 0, '기본급 지급', '2024-08-05', 'PAID', '2024-08', 13),
	(1014, 33524473, 0, 0, '기본급 지급', '2024-08-05', 'PAID', '2024-08', 14),
	(1015, 40070098, 0, 0, '기본급 지급', '2024-08-05', 'PAID', '2024-08', 15),
	(1016, 37629461, 0, 0, '기본급 지급', '2024-08-05', 'PAID', '2024-08', 16),
	(1017, 25480248, 0, 0, '기본급 지급', '2024-08-05', 'PAID', '2024-08', 17),
	(1018, 20765211, 0, 0, '기본급 지급', '2024-08-05', 'PAID', '2024-08', 18),
	(1019, 28097707, 0, 0, '기본급 지급', '2024-08-05', 'PAID', '2024-08', 19),
	(1020, 25537673, 0, 0, '기본급 지급', '2024-08-05', 'PAID', '2024-08', 20),
	(1021, 28957718, 0, 0, '기본급 지급', '2024-08-05', 'PAID', '2024-08', 21),
	(1022, 24460959, 0, 0, '기본급 지급', '2024-08-05', 'PAID', '2024-08', 22),
	(1023, 20185995, 0, 0, '기본급 지급', '2024-08-05', 'PAID', '2024-08', 23),
	(1024, 22766302, 0, 0, '기본급 지급', '2024-08-05', 'PAID', '2024-08', 24),
	(1025, 23598003, 0, 0, '기본급 지급', '2024-08-05', 'PAID', '2024-08', 25),
	(1026, 25362467, 0, 0, '기본급 지급', '2024-08-05', 'PAID', '2024-08', 26),
	(1027, 26572485, 0, 0, '기본급 지급', '2024-08-05', 'PAID', '2024-08', 27),
	(1028, 29701172, 0, 0, '기본급 지급', '2024-08-05', 'PAID', '2024-08', 28),
	(1029, 23517316, 0, 0, '기본급 지급', '2024-08-05', 'PAID', '2024-08', 29),
	(1030, 21199681, 0, 0, '기본급 지급', '2024-08-05', 'PAID', '2024-08', 30),
	(1031, 25040909, 0, 0, '기본급 지급', '2024-08-05', 'PAID', '2024-08', 31),
	(1032, 23966955, 0, 0, '기본급 지급', '2024-08-05', 'PAID', '2024-08', 32),
	(1033, 24999768, 0, 0, '기본급 지급', '2024-08-05', 'PAID', '2024-08', 33),
	(1034, 20075232, 0, 0, '기본급 지급', '2024-08-05', 'PAID', '2024-08', 34),
	(1035, 21946211, 0, 0, '기본급 지급', '2024-08-05', 'PAID', '2024-08', 35),
	(1036, 28528016, 0, 0, '기본급 지급', '2024-08-05', 'PAID', '2024-08', 36),
	(1037, 20307819, 0, 0, '기본급 지급', '2024-08-05', 'PAID', '2024-08', 37),
	(1038, 28190344, 0, 0, '기본급 지급', '2024-08-05', 'PAID', '2024-08', 38),
	(1039, 21881844, 0, 0, '기본급 지급', '2024-08-05', 'PAID', '2024-08', 39),
	(1040, 28606724, 0, 0, '기본급 지급', '2024-08-05', 'PAID', '2024-08', 40),
	(1041, 24787722, 0, 0, '기본급 지급', '2024-08-05', 'PAID', '2024-08', 41),
	(1042, 27005132, 0, 0, '기본급 지급', '2024-08-05', 'PAID', '2024-08', 42),
	(1043, 24196996, 0, 0, '기본급 지급', '2024-08-05', 'PAID', '2024-08', 43),
	(1044, 25568267, 0, 0, '기본급 지급', '2024-08-05', 'PAID', '2024-08', 44),
	(1045, 22418947, 0, 0, '기본급 지급', '2024-08-05', 'PAID', '2024-08', 45),
	(1046, 23058413, 0, 0, '기본급 지급', '2024-08-05', 'PAID', '2024-08', 46),
	(1047, 21628232, 0, 0, '기본급 지급', '2024-08-05', 'PAID', '2024-08', 47),
	(1048, 25352279, 0, 0, '기본급 지급', '2024-08-05', 'PAID', '2024-08', 48),
	(1049, 29083809, 0, 0, '기본급 지급', '2024-08-05', 'PAID', '2024-08', 49),
	(1050, 22674823, 0, 0, '기본급 지급', '2024-08-05', 'PAID', '2024-08', 50),
	(1051, 28429911, 0, 0, '기본급 지급', '2024-08-05', 'PAID', '2024-08', 51),
	(1052, 22577709, 0, 0, '기본급 지급', '2024-08-05', 'PAID', '2024-08', 52),
	(1053, 26476118, 0, 0, '기본급 지급', '2024-08-05', 'PAID', '2024-08', 53),
	(1054, 26489680, 0, 0, '기본급 지급', '2024-08-05', 'PAID', '2024-08', 54),
	(1055, 23556100, 0, 0, '기본급 지급', '2024-08-05', 'PAID', '2024-08', 55),
	(1056, 26554156, 0, 0, '기본급 지급', '2024-08-05', 'PAID', '2024-08', 56),
	(1057, 26839654, 0, 0, '기본급 지급', '2024-08-05', 'PAID', '2024-08', 57),
	(1058, 29304167, 0, 0, '기본급 지급', '2024-08-05', 'PAID', '2024-08', 58),
	(1059, 29645022, 0, 0, '기본급 지급', '2024-08-05', 'PAID', '2024-08', 59),
	(1060, 26276724, 0, 0, '기본급 지급', '2024-08-05', 'PAID', '2024-08', 60),
	(1061, 28210832, 0, 0, '기본급 지급', '2024-08-05', 'PAID', '2024-08', 61),
	(1062, 22373909, 0, 0, '기본급 지급', '2024-08-05', 'PAID', '2024-08', 62),
	(1063, 20099205, 0, 0, '기본급 지급', '2024-08-05', 'PAID', '2024-08', 63),
	(1064, 29593994, 0, 0, '기본급 지급', '2024-08-05', 'PAID', '2024-08', 64),
	(1065, 23709384, 0, 0, '기본급 지급', '2024-08-05', 'PAID', '2024-08', 65),
	(1066, 29210883, 0, 0, '기본급 지급', '2024-08-05', 'PAID', '2024-08', 66),
	(1067, 29433964, 0, 0, '기본급 지급', '2024-08-05', 'PAID', '2024-08', 67),
	(1068, 20558695, 0, 0, '기본급 지급', '2024-08-05', 'PAID', '2024-08', 68),
	(1069, 28601342, 0, 0, '기본급 지급', '2024-08-05', 'PAID', '2024-08', 69),
	(1070, 21546734, 0, 0, '기본급 지급', '2024-08-05', 'PAID', '2024-08', 70),
	(1071, 25712979, 0, 0, '기본급 지급', '2024-08-05', 'PAID', '2024-08', 71),
	(1072, 29828469, 0, 0, '기본급 지급', '2024-08-05', 'PAID', '2024-08', 72),
	(1073, 20218473, 0, 0, '기본급 지급', '2024-08-05', 'PAID', '2024-08', 73),
	(1074, 25745519, 0, 0, '기본급 지급', '2024-08-05', 'PAID', '2024-08', 74),
	(1075, 28592793, 0, 0, '기본급 지급', '2024-08-05', 'PAID', '2024-08', 75),
	(1076, 26219541, 0, 0, '기본급 지급', '2024-08-05', 'PAID', '2024-08', 76),
	(1077, 22607774, 0, 0, '기본급 지급', '2024-08-05', 'PAID', '2024-08', 77),
	(1078, 24534984, 0, 0, '기본급 지급', '2024-08-05', 'PAID', '2024-08', 78),
	(1079, 22096738, 0, 0, '기본급 지급', '2024-08-05', 'PAID', '2024-08', 79),
	(1080, 27245799, 0, 0, '기본급 지급', '2024-08-05', 'PAID', '2024-08', 80),
	(1081, 29868351, 0, 0, '기본급 지급', '2024-08-05', 'PAID', '2024-08', 81),
	(1082, 25478924, 0, 0, '기본급 지급', '2024-08-05', 'PAID', '2024-08', 82),
	(1083, 29940675, 0, 0, '기본급 지급', '2024-08-05', 'PAID', '2024-08', 83),
	(1084, 29753690, 0, 0, '기본급 지급', '2024-08-05', 'PAID', '2024-08', 84),
	(1085, 27598031, 0, 0, '기본급 지급', '2024-08-05', 'PAID', '2024-08', 85),
	(1086, 21812328, 0, 0, '기본급 지급', '2024-08-05', 'PAID', '2024-08', 86),
	(1087, 26311599, 0, 0, '기본급 지급', '2024-08-05', 'PAID', '2024-08', 87),
	(1088, 24933127, 0, 0, '기본급 지급', '2024-08-05', 'PAID', '2024-08', 88),
	(1089, 28178184, 0, 0, '기본급 지급', '2024-08-05', 'PAID', '2024-08', 89),
	(1090, 23395476, 0, 0, '기본급 지급', '2024-08-05', 'PAID', '2024-08', 90),
	(1091, 25784617, 0, 0, '기본급 지급', '2024-08-05', 'PAID', '2024-08', 91),
	(1092, 28701173, 0, 0, '기본급 지급', '2024-08-05', 'PAID', '2024-08', 92),
	(1093, 23056676, 0, 0, '기본급 지급', '2024-08-05', 'PAID', '2024-08', 93),
	(1094, 22741142, 0, 0, '기본급 지급', '2024-08-05', 'PAID', '2024-08', 94),
	(1095, 22664912, 0, 0, '기본급 지급', '2024-08-05', 'PAID', '2024-08', 95),
	(1096, 28835402, 0, 0, '기본급 지급', '2024-08-05', 'PAID', '2024-08', 96),
	(1097, 21622362, 0, 0, '기본급 지급', '2024-08-05', 'PAID', '2024-08', 97),
	(1098, 25580348, 0, 0, '기본급 지급', '2024-08-05', 'PAID', '2024-08', 98),
	(1099, 21759828, 0, 0, '기본급 지급', '2024-08-05', 'PAID', '2024-08', 99),
	(1100, 23955654, 0, 0, '기본급 지급', '2024-08-05', 'PAID', '2024-08', 100),
	(1101, 110330975, 0, 0, '기본급 지급', '2024-07-05', 'PAID', '2024-07', 1),
	(1102, 65763317, 0, 0, '기본급 지급', '2024-07-05', 'PAID', '2024-07', 2),
	(1103, 41192481, 0, 0, '기본급 지급', '2024-07-05', 'PAID', '2024-07', 3),
	(1104, 33084912, 0, 0, '기본급 지급', '2024-07-05', 'PAID', '2024-07', 4),
	(1105, 29083561, 0, 0, '기본급 지급', '2024-07-05', 'PAID', '2024-07', 5),
	(1106, 28924504, 0, 0, '기본급 지급', '2024-07-05', 'PAID', '2024-07', 6),
	(1107, 29346438, 0, 0, '기본급 지급', '2024-07-05', 'PAID', '2024-07', 7),
	(1108, 21176110, 0, 0, '기본급 지급', '2024-07-05', 'PAID', '2024-07', 8),
	(1109, 27026154, 0, 0, '기본급 지급', '2024-07-05', 'PAID', '2024-07', 9),
	(1110, 20040992, 0, 0, '기본급 지급', '2024-07-05', 'PAID', '2024-07', 10),
	(1111, 63674866, 0, 0, '기본급 지급', '2024-07-05', 'PAID', '2024-07', 11),
	(1112, 47197942, 0, 0, '기본급 지급', '2024-07-05', 'PAID', '2024-07', 12),
	(1113, 56600135, 0, 0, '기본급 지급', '2024-07-05', 'PAID', '2024-07', 13),
	(1114, 33524473, 0, 0, '기본급 지급', '2024-07-05', 'PAID', '2024-07', 14),
	(1115, 40070098, 0, 0, '기본급 지급', '2024-07-05', 'PAID', '2024-07', 15),
	(1116, 37629461, 0, 0, '기본급 지급', '2024-07-05', 'PAID', '2024-07', 16),
	(1117, 25480248, 0, 0, '기본급 지급', '2024-07-05', 'PAID', '2024-07', 17),
	(1118, 20765211, 0, 0, '기본급 지급', '2024-07-05', 'PAID', '2024-07', 18),
	(1119, 28097707, 0, 0, '기본급 지급', '2024-07-05', 'PAID', '2024-07', 19),
	(1120, 25537673, 0, 0, '기본급 지급', '2024-07-05', 'PAID', '2024-07', 20),
	(1121, 28957718, 0, 0, '기본급 지급', '2024-07-05', 'PAID', '2024-07', 21),
	(1122, 24460959, 0, 0, '기본급 지급', '2024-07-05', 'PAID', '2024-07', 22),
	(1123, 20185995, 0, 0, '기본급 지급', '2024-07-05', 'PAID', '2024-07', 23),
	(1124, 22766302, 0, 0, '기본급 지급', '2024-07-05', 'PAID', '2024-07', 24),
	(1125, 23598003, 0, 0, '기본급 지급', '2024-07-05', 'PAID', '2024-07', 25),
	(1126, 25362467, 0, 0, '기본급 지급', '2024-07-05', 'PAID', '2024-07', 26),
	(1127, 26572485, 0, 0, '기본급 지급', '2024-07-05', 'PAID', '2024-07', 27),
	(1128, 29701172, 0, 0, '기본급 지급', '2024-07-05', 'PAID', '2024-07', 28),
	(1129, 23517316, 0, 0, '기본급 지급', '2024-07-05', 'PAID', '2024-07', 29),
	(1130, 21199681, 0, 0, '기본급 지급', '2024-07-05', 'PAID', '2024-07', 30),
	(1131, 25040909, 0, 0, '기본급 지급', '2024-07-05', 'PAID', '2024-07', 31),
	(1132, 23966955, 0, 0, '기본급 지급', '2024-07-05', 'PAID', '2024-07', 32),
	(1133, 24999768, 0, 0, '기본급 지급', '2024-07-05', 'PAID', '2024-07', 33),
	(1134, 20075232, 0, 0, '기본급 지급', '2024-07-05', 'PAID', '2024-07', 34),
	(1135, 21946211, 0, 0, '기본급 지급', '2024-07-05', 'PAID', '2024-07', 35),
	(1136, 28528016, 0, 0, '기본급 지급', '2024-07-05', 'PAID', '2024-07', 36),
	(1137, 20307819, 0, 0, '기본급 지급', '2024-07-05', 'PAID', '2024-07', 37),
	(1138, 28190344, 0, 0, '기본급 지급', '2024-07-05', 'PAID', '2024-07', 38),
	(1139, 21881844, 0, 0, '기본급 지급', '2024-07-05', 'PAID', '2024-07', 39),
	(1140, 28606724, 0, 0, '기본급 지급', '2024-07-05', 'PAID', '2024-07', 40),
	(1141, 24787722, 0, 0, '기본급 지급', '2024-07-05', 'PAID', '2024-07', 41),
	(1142, 27005132, 0, 0, '기본급 지급', '2024-07-05', 'PAID', '2024-07', 42),
	(1143, 24196996, 0, 0, '기본급 지급', '2024-07-05', 'PAID', '2024-07', 43),
	(1144, 25568267, 0, 0, '기본급 지급', '2024-07-05', 'PAID', '2024-07', 44),
	(1145, 22418947, 0, 0, '기본급 지급', '2024-07-05', 'PAID', '2024-07', 45),
	(1146, 23058413, 0, 0, '기본급 지급', '2024-07-05', 'PAID', '2024-07', 46),
	(1147, 21628232, 0, 0, '기본급 지급', '2024-07-05', 'PAID', '2024-07', 47),
	(1148, 25352279, 0, 0, '기본급 지급', '2024-07-05', 'PAID', '2024-07', 48),
	(1149, 29083809, 0, 0, '기본급 지급', '2024-07-05', 'PAID', '2024-07', 49),
	(1150, 22674823, 0, 0, '기본급 지급', '2024-07-05', 'PAID', '2024-07', 50),
	(1151, 28429911, 0, 0, '기본급 지급', '2024-07-05', 'PAID', '2024-07', 51),
	(1152, 22577709, 0, 0, '기본급 지급', '2024-07-05', 'PAID', '2024-07', 52),
	(1153, 26476118, 0, 0, '기본급 지급', '2024-07-05', 'PAID', '2024-07', 53),
	(1154, 26489680, 0, 0, '기본급 지급', '2024-07-05', 'PAID', '2024-07', 54),
	(1155, 23556100, 0, 0, '기본급 지급', '2024-07-05', 'PAID', '2024-07', 55),
	(1156, 26554156, 0, 0, '기본급 지급', '2024-07-05', 'PAID', '2024-07', 56),
	(1157, 26839654, 0, 0, '기본급 지급', '2024-07-05', 'PAID', '2024-07', 57),
	(1158, 29304167, 0, 0, '기본급 지급', '2024-07-05', 'PAID', '2024-07', 58),
	(1159, 29645022, 0, 0, '기본급 지급', '2024-07-05', 'PAID', '2024-07', 59),
	(1160, 26276724, 0, 0, '기본급 지급', '2024-07-05', 'PAID', '2024-07', 60),
	(1161, 28210832, 0, 0, '기본급 지급', '2024-07-05', 'PAID', '2024-07', 61),
	(1162, 22373909, 0, 0, '기본급 지급', '2024-07-05', 'PAID', '2024-07', 62),
	(1163, 20099205, 0, 0, '기본급 지급', '2024-07-05', 'PAID', '2024-07', 63),
	(1164, 29593994, 0, 0, '기본급 지급', '2024-07-05', 'PAID', '2024-07', 64),
	(1165, 23709384, 0, 0, '기본급 지급', '2024-07-05', 'PAID', '2024-07', 65),
	(1166, 29210883, 0, 0, '기본급 지급', '2024-07-05', 'PAID', '2024-07', 66),
	(1167, 29433964, 0, 0, '기본급 지급', '2024-07-05', 'PAID', '2024-07', 67),
	(1168, 20558695, 0, 0, '기본급 지급', '2024-07-05', 'PAID', '2024-07', 68),
	(1169, 28601342, 0, 0, '기본급 지급', '2024-07-05', 'PAID', '2024-07', 69),
	(1170, 21546734, 0, 0, '기본급 지급', '2024-07-05', 'PAID', '2024-07', 70),
	(1171, 25712979, 0, 0, '기본급 지급', '2024-07-05', 'PAID', '2024-07', 71),
	(1172, 29828469, 0, 0, '기본급 지급', '2024-07-05', 'PAID', '2024-07', 72),
	(1173, 20218473, 0, 0, '기본급 지급', '2024-07-05', 'PAID', '2024-07', 73),
	(1174, 25745519, 0, 0, '기본급 지급', '2024-07-05', 'PAID', '2024-07', 74),
	(1175, 28592793, 0, 0, '기본급 지급', '2024-07-05', 'PAID', '2024-07', 75),
	(1176, 26219541, 0, 0, '기본급 지급', '2024-07-05', 'PAID', '2024-07', 76),
	(1177, 22607774, 0, 0, '기본급 지급', '2024-07-05', 'PAID', '2024-07', 77),
	(1178, 24534984, 0, 0, '기본급 지급', '2024-07-05', 'PAID', '2024-07', 78),
	(1179, 22096738, 0, 0, '기본급 지급', '2024-07-05', 'PAID', '2024-07', 79),
	(1180, 27245799, 0, 0, '기본급 지급', '2024-07-05', 'PAID', '2024-07', 80),
	(1181, 29868351, 0, 0, '기본급 지급', '2024-07-05', 'PAID', '2024-07', 81),
	(1182, 25478924, 0, 0, '기본급 지급', '2024-07-05', 'PAID', '2024-07', 82),
	(1183, 29940675, 0, 0, '기본급 지급', '2024-07-05', 'PAID', '2024-07', 83),
	(1184, 29753690, 0, 0, '기본급 지급', '2024-07-05', 'PAID', '2024-07', 84),
	(1185, 27598031, 0, 0, '기본급 지급', '2024-07-05', 'PAID', '2024-07', 85),
	(1186, 21812328, 0, 0, '기본급 지급', '2024-07-05', 'PAID', '2024-07', 86),
	(1187, 26311599, 0, 0, '기본급 지급', '2024-07-05', 'PAID', '2024-07', 87),
	(1188, 24933127, 0, 0, '기본급 지급', '2024-07-05', 'PAID', '2024-07', 88),
	(1189, 28178184, 0, 0, '기본급 지급', '2024-07-05', 'PAID', '2024-07', 89),
	(1190, 23395476, 0, 0, '기본급 지급', '2024-07-05', 'PAID', '2024-07', 90),
	(1191, 25784617, 0, 0, '기본급 지급', '2024-07-05', 'PAID', '2024-07', 91),
	(1192, 28701173, 0, 0, '기본급 지급', '2024-07-05', 'PAID', '2024-07', 92),
	(1193, 23056676, 0, 0, '기본급 지급', '2024-07-05', 'PAID', '2024-07', 93),
	(1194, 22741142, 0, 0, '기본급 지급', '2024-07-05', 'PAID', '2024-07', 94),
	(1195, 22664912, 0, 0, '기본급 지급', '2024-07-05', 'PAID', '2024-07', 95),
	(1196, 28835402, 0, 0, '기본급 지급', '2024-07-05', 'PAID', '2024-07', 96),
	(1197, 21622362, 0, 0, '기본급 지급', '2024-07-05', 'PAID', '2024-07', 97),
	(1198, 25580348, 0, 0, '기본급 지급', '2024-07-05', 'PAID', '2024-07', 98),
	(1199, 21759828, 0, 0, '기본급 지급', '2024-07-05', 'PAID', '2024-07', 99),
	(1200, 23955654, 0, 0, '기본급 지급', '2024-07-05', 'PAID', '2024-07', 100),
	(1201, 110330975, 0, 0, '기본급 지급', '2024-06-05', 'PAID', '2024-06', 1),
	(1202, 65763317, 0, 0, '기본급 지급', '2024-06-05', 'PAID', '2024-06', 2),
	(1203, 41192481, 0, 0, '기본급 지급', '2024-06-05', 'PAID', '2024-06', 3),
	(1204, 33084912, 0, 0, '기본급 지급', '2024-06-05', 'PAID', '2024-06', 4),
	(1205, 29083561, 0, 0, '기본급 지급', '2024-06-05', 'PAID', '2024-06', 5),
	(1206, 28924504, 0, 0, '기본급 지급', '2024-06-05', 'PAID', '2024-06', 6),
	(1207, 29346438, 0, 0, '기본급 지급', '2024-06-05', 'PAID', '2024-06', 7),
	(1208, 21176110, 0, 0, '기본급 지급', '2024-06-05', 'PAID', '2024-06', 8),
	(1209, 27026154, 0, 0, '기본급 지급', '2024-06-05', 'PAID', '2024-06', 9),
	(1210, 20040992, 0, 0, '기본급 지급', '2024-06-05', 'PAID', '2024-06', 10),
	(1211, 63674866, 0, 0, '기본급 지급', '2024-06-05', 'PAID', '2024-06', 11),
	(1212, 47197942, 0, 0, '기본급 지급', '2024-06-05', 'PAID', '2024-06', 12),
	(1213, 56600135, 0, 0, '기본급 지급', '2024-06-05', 'PAID', '2024-06', 13),
	(1214, 33524473, 0, 0, '기본급 지급', '2024-06-05', 'PAID', '2024-06', 14),
	(1215, 40070098, 0, 0, '기본급 지급', '2024-06-05', 'PAID', '2024-06', 15),
	(1216, 37629461, 0, 0, '기본급 지급', '2024-06-05', 'PAID', '2024-06', 16),
	(1217, 25480248, 0, 0, '기본급 지급', '2024-06-05', 'PAID', '2024-06', 17),
	(1218, 20765211, 0, 0, '기본급 지급', '2024-06-05', 'PAID', '2024-06', 18),
	(1219, 28097707, 0, 0, '기본급 지급', '2024-06-05', 'PAID', '2024-06', 19),
	(1220, 25537673, 0, 0, '기본급 지급', '2024-06-05', 'PAID', '2024-06', 20),
	(1221, 28957718, 0, 0, '기본급 지급', '2024-06-05', 'PAID', '2024-06', 21),
	(1222, 24460959, 0, 0, '기본급 지급', '2024-06-05', 'PAID', '2024-06', 22),
	(1223, 20185995, 0, 0, '기본급 지급', '2024-06-05', 'PAID', '2024-06', 23),
	(1224, 22766302, 0, 0, '기본급 지급', '2024-06-05', 'PAID', '2024-06', 24),
	(1225, 23598003, 0, 0, '기본급 지급', '2024-06-05', 'PAID', '2024-06', 25),
	(1226, 25362467, 0, 0, '기본급 지급', '2024-06-05', 'PAID', '2024-06', 26),
	(1227, 26572485, 0, 0, '기본급 지급', '2024-06-05', 'PAID', '2024-06', 27),
	(1228, 29701172, 0, 0, '기본급 지급', '2024-06-05', 'PAID', '2024-06', 28),
	(1229, 23517316, 0, 0, '기본급 지급', '2024-06-05', 'PAID', '2024-06', 29),
	(1230, 21199681, 0, 0, '기본급 지급', '2024-06-05', 'PAID', '2024-06', 30),
	(1231, 25040909, 0, 0, '기본급 지급', '2024-06-05', 'PAID', '2024-06', 31),
	(1232, 23966955, 0, 0, '기본급 지급', '2024-06-05', 'PAID', '2024-06', 32),
	(1233, 24999768, 0, 0, '기본급 지급', '2024-06-05', 'PAID', '2024-06', 33),
	(1234, 20075232, 0, 0, '기본급 지급', '2024-06-05', 'PAID', '2024-06', 34),
	(1235, 21946211, 0, 0, '기본급 지급', '2024-06-05', 'PAID', '2024-06', 35),
	(1236, 28528016, 0, 0, '기본급 지급', '2024-06-05', 'PAID', '2024-06', 36),
	(1237, 20307819, 0, 0, '기본급 지급', '2024-06-05', 'PAID', '2024-06', 37),
	(1238, 28190344, 0, 0, '기본급 지급', '2024-06-05', 'PAID', '2024-06', 38),
	(1239, 21881844, 0, 0, '기본급 지급', '2024-06-05', 'PAID', '2024-06', 39),
	(1240, 28606724, 0, 0, '기본급 지급', '2024-06-05', 'PAID', '2024-06', 40),
	(1241, 24787722, 0, 0, '기본급 지급', '2024-06-05', 'PAID', '2024-06', 41),
	(1242, 27005132, 0, 0, '기본급 지급', '2024-06-05', 'PAID', '2024-06', 42),
	(1243, 24196996, 0, 0, '기본급 지급', '2024-06-05', 'PAID', '2024-06', 43),
	(1244, 25568267, 0, 0, '기본급 지급', '2024-06-05', 'PAID', '2024-06', 44),
	(1245, 22418947, 0, 0, '기본급 지급', '2024-06-05', 'PAID', '2024-06', 45),
	(1246, 23058413, 0, 0, '기본급 지급', '2024-06-05', 'PAID', '2024-06', 46),
	(1247, 21628232, 0, 0, '기본급 지급', '2024-06-05', 'PAID', '2024-06', 47),
	(1248, 25352279, 0, 0, '기본급 지급', '2024-06-05', 'PAID', '2024-06', 48),
	(1249, 29083809, 0, 0, '기본급 지급', '2024-06-05', 'PAID', '2024-06', 49),
	(1250, 22674823, 0, 0, '기본급 지급', '2024-06-05', 'PAID', '2024-06', 50),
	(1251, 28429911, 0, 0, '기본급 지급', '2024-06-05', 'PAID', '2024-06', 51),
	(1252, 22577709, 0, 0, '기본급 지급', '2024-06-05', 'PAID', '2024-06', 52),
	(1253, 26476118, 0, 0, '기본급 지급', '2024-06-05', 'PAID', '2024-06', 53),
	(1254, 26489680, 0, 0, '기본급 지급', '2024-06-05', 'PAID', '2024-06', 54),
	(1255, 23556100, 0, 0, '기본급 지급', '2024-06-05', 'PAID', '2024-06', 55),
	(1256, 26554156, 0, 0, '기본급 지급', '2024-06-05', 'PAID', '2024-06', 56),
	(1257, 26839654, 0, 0, '기본급 지급', '2024-06-05', 'PAID', '2024-06', 57),
	(1258, 29304167, 0, 0, '기본급 지급', '2024-06-05', 'PAID', '2024-06', 58),
	(1259, 29645022, 0, 0, '기본급 지급', '2024-06-05', 'PAID', '2024-06', 59),
	(1260, 26276724, 0, 0, '기본급 지급', '2024-06-05', 'PAID', '2024-06', 60),
	(1261, 28210832, 0, 0, '기본급 지급', '2024-06-05', 'PAID', '2024-06', 61),
	(1262, 22373909, 0, 0, '기본급 지급', '2024-06-05', 'PAID', '2024-06', 62),
	(1263, 20099205, 0, 0, '기본급 지급', '2024-06-05', 'PAID', '2024-06', 63),
	(1264, 29593994, 0, 0, '기본급 지급', '2024-06-05', 'PAID', '2024-06', 64),
	(1265, 23709384, 0, 0, '기본급 지급', '2024-06-05', 'PAID', '2024-06', 65),
	(1266, 29210883, 0, 0, '기본급 지급', '2024-06-05', 'PAID', '2024-06', 66),
	(1267, 29433964, 0, 0, '기본급 지급', '2024-06-05', 'PAID', '2024-06', 67),
	(1268, 20558695, 0, 0, '기본급 지급', '2024-06-05', 'PAID', '2024-06', 68),
	(1269, 28601342, 0, 0, '기본급 지급', '2024-06-05', 'PAID', '2024-06', 69),
	(1270, 21546734, 0, 0, '기본급 지급', '2024-06-05', 'PAID', '2024-06', 70),
	(1271, 25712979, 0, 0, '기본급 지급', '2024-06-05', 'PAID', '2024-06', 71),
	(1272, 29828469, 0, 0, '기본급 지급', '2024-06-05', 'PAID', '2024-06', 72),
	(1273, 20218473, 0, 0, '기본급 지급', '2024-06-05', 'PAID', '2024-06', 73),
	(1274, 25745519, 0, 0, '기본급 지급', '2024-06-05', 'PAID', '2024-06', 74),
	(1275, 28592793, 0, 0, '기본급 지급', '2024-06-05', 'PAID', '2024-06', 75),
	(1276, 26219541, 0, 0, '기본급 지급', '2024-06-05', 'PAID', '2024-06', 76),
	(1277, 22607774, 0, 0, '기본급 지급', '2024-06-05', 'PAID', '2024-06', 77),
	(1278, 24534984, 0, 0, '기본급 지급', '2024-06-05', 'PAID', '2024-06', 78),
	(1279, 22096738, 0, 0, '기본급 지급', '2024-06-05', 'PAID', '2024-06', 79),
	(1280, 27245799, 0, 0, '기본급 지급', '2024-06-05', 'PAID', '2024-06', 80),
	(1281, 29868351, 0, 0, '기본급 지급', '2024-06-05', 'PAID', '2024-06', 81),
	(1282, 25478924, 0, 0, '기본급 지급', '2024-06-05', 'PAID', '2024-06', 82),
	(1283, 29940675, 0, 0, '기본급 지급', '2024-06-05', 'PAID', '2024-06', 83),
	(1284, 29753690, 0, 0, '기본급 지급', '2024-06-05', 'PAID', '2024-06', 84),
	(1285, 27598031, 0, 0, '기본급 지급', '2024-06-05', 'PAID', '2024-06', 85),
	(1286, 21812328, 0, 0, '기본급 지급', '2024-06-05', 'PAID', '2024-06', 86),
	(1287, 26311599, 0, 0, '기본급 지급', '2024-06-05', 'PAID', '2024-06', 87),
	(1288, 24933127, 0, 0, '기본급 지급', '2024-06-05', 'PAID', '2024-06', 88),
	(1289, 28178184, 0, 0, '기본급 지급', '2024-06-05', 'PAID', '2024-06', 89),
	(1290, 23395476, 0, 0, '기본급 지급', '2024-06-05', 'PAID', '2024-06', 90),
	(1291, 25784617, 0, 0, '기본급 지급', '2024-06-05', 'PAID', '2024-06', 91),
	(1292, 28701173, 0, 0, '기본급 지급', '2024-06-05', 'PAID', '2024-06', 92),
	(1293, 23056676, 0, 0, '기본급 지급', '2024-06-05', 'PAID', '2024-06', 93),
	(1294, 22741142, 0, 0, '기본급 지급', '2024-06-05', 'PAID', '2024-06', 94),
	(1295, 22664912, 0, 0, '기본급 지급', '2024-06-05', 'PAID', '2024-06', 95),
	(1296, 28835402, 0, 0, '기본급 지급', '2024-06-05', 'PAID', '2024-06', 96),
	(1297, 21622362, 0, 0, '기본급 지급', '2024-06-05', 'PAID', '2024-06', 97),
	(1298, 25580348, 0, 0, '기본급 지급', '2024-06-05', 'PAID', '2024-06', 98),
	(1299, 21759828, 0, 0, '기본급 지급', '2024-06-05', 'PAID', '2024-06', 99),
	(1300, 23955654, 0, 0, '기본급 지급', '2024-06-05', 'PAID', '2024-06', 100),
	(1301, 110330975, 0, 0, '기본급 지급', '2024-05-05', 'PAID', '2024-05', 1),
	(1302, 65763317, 0, 0, '기본급 지급', '2024-05-05', 'PAID', '2024-05', 2),
	(1303, 41192481, 0, 0, '기본급 지급', '2024-05-05', 'PAID', '2024-05', 3),
	(1304, 33084912, 0, 0, '기본급 지급', '2024-05-05', 'PAID', '2024-05', 4),
	(1305, 29083561, 0, 0, '기본급 지급', '2024-05-05', 'PAID', '2024-05', 5),
	(1306, 28924504, 0, 0, '기본급 지급', '2024-05-05', 'PAID', '2024-05', 6),
	(1307, 29346438, 0, 0, '기본급 지급', '2024-05-05', 'PAID', '2024-05', 7),
	(1308, 21176110, 0, 0, '기본급 지급', '2024-05-05', 'PAID', '2024-05', 8),
	(1309, 27026154, 0, 0, '기본급 지급', '2024-05-05', 'PAID', '2024-05', 9),
	(1310, 20040992, 0, 0, '기본급 지급', '2024-05-05', 'PAID', '2024-05', 10),
	(1311, 63674866, 0, 0, '기본급 지급', '2024-05-05', 'PAID', '2024-05', 11),
	(1312, 47197942, 0, 0, '기본급 지급', '2024-05-05', 'PAID', '2024-05', 12),
	(1313, 56600135, 0, 0, '기본급 지급', '2024-05-05', 'PAID', '2024-05', 13),
	(1314, 33524473, 0, 0, '기본급 지급', '2024-05-05', 'PAID', '2024-05', 14),
	(1315, 40070098, 0, 0, '기본급 지급', '2024-05-05', 'PAID', '2024-05', 15),
	(1316, 37629461, 0, 0, '기본급 지급', '2024-05-05', 'PAID', '2024-05', 16),
	(1317, 25480248, 0, 0, '기본급 지급', '2024-05-05', 'PAID', '2024-05', 17),
	(1318, 20765211, 0, 0, '기본급 지급', '2024-05-05', 'PAID', '2024-05', 18),
	(1319, 28097707, 0, 0, '기본급 지급', '2024-05-05', 'PAID', '2024-05', 19),
	(1320, 25537673, 0, 0, '기본급 지급', '2024-05-05', 'PAID', '2024-05', 20),
	(1321, 28957718, 0, 0, '기본급 지급', '2024-05-05', 'PAID', '2024-05', 21),
	(1322, 24460959, 0, 0, '기본급 지급', '2024-05-05', 'PAID', '2024-05', 22),
	(1323, 20185995, 0, 0, '기본급 지급', '2024-05-05', 'PAID', '2024-05', 23),
	(1324, 22766302, 0, 0, '기본급 지급', '2024-05-05', 'PAID', '2024-05', 24),
	(1325, 23598003, 0, 0, '기본급 지급', '2024-05-05', 'PAID', '2024-05', 25),
	(1326, 25362467, 0, 0, '기본급 지급', '2024-05-05', 'PAID', '2024-05', 26),
	(1327, 26572485, 0, 0, '기본급 지급', '2024-05-05', 'PAID', '2024-05', 27),
	(1328, 29701172, 0, 0, '기본급 지급', '2024-05-05', 'PAID', '2024-05', 28),
	(1329, 23517316, 0, 0, '기본급 지급', '2024-05-05', 'PAID', '2024-05', 29),
	(1330, 21199681, 0, 0, '기본급 지급', '2024-05-05', 'PAID', '2024-05', 30),
	(1331, 25040909, 0, 0, '기본급 지급', '2024-05-05', 'PAID', '2024-05', 31),
	(1332, 23966955, 0, 0, '기본급 지급', '2024-05-05', 'PAID', '2024-05', 32),
	(1333, 24999768, 0, 0, '기본급 지급', '2024-05-05', 'PAID', '2024-05', 33),
	(1334, 20075232, 0, 0, '기본급 지급', '2024-05-05', 'PAID', '2024-05', 34),
	(1335, 21946211, 0, 0, '기본급 지급', '2024-05-05', 'PAID', '2024-05', 35),
	(1336, 28528016, 0, 0, '기본급 지급', '2024-05-05', 'PAID', '2024-05', 36),
	(1337, 20307819, 0, 0, '기본급 지급', '2024-05-05', 'PAID', '2024-05', 37),
	(1338, 28190344, 0, 0, '기본급 지급', '2024-05-05', 'PAID', '2024-05', 38),
	(1339, 21881844, 0, 0, '기본급 지급', '2024-05-05', 'PAID', '2024-05', 39),
	(1340, 28606724, 0, 0, '기본급 지급', '2024-05-05', 'PAID', '2024-05', 40),
	(1341, 24787722, 0, 0, '기본급 지급', '2024-05-05', 'PAID', '2024-05', 41),
	(1342, 27005132, 0, 0, '기본급 지급', '2024-05-05', 'PAID', '2024-05', 42),
	(1343, 24196996, 0, 0, '기본급 지급', '2024-05-05', 'PAID', '2024-05', 43),
	(1344, 25568267, 0, 0, '기본급 지급', '2024-05-05', 'PAID', '2024-05', 44),
	(1345, 22418947, 0, 0, '기본급 지급', '2024-05-05', 'PAID', '2024-05', 45),
	(1346, 23058413, 0, 0, '기본급 지급', '2024-05-05', 'PAID', '2024-05', 46),
	(1347, 21628232, 0, 0, '기본급 지급', '2024-05-05', 'PAID', '2024-05', 47),
	(1348, 25352279, 0, 0, '기본급 지급', '2024-05-05', 'PAID', '2024-05', 48),
	(1349, 29083809, 0, 0, '기본급 지급', '2024-05-05', 'PAID', '2024-05', 49),
	(1350, 22674823, 0, 0, '기본급 지급', '2024-05-05', 'PAID', '2024-05', 50),
	(1351, 28429911, 0, 0, '기본급 지급', '2024-05-05', 'PAID', '2024-05', 51),
	(1352, 22577709, 0, 0, '기본급 지급', '2024-05-05', 'PAID', '2024-05', 52),
	(1353, 26476118, 0, 0, '기본급 지급', '2024-05-05', 'PAID', '2024-05', 53),
	(1354, 26489680, 0, 0, '기본급 지급', '2024-05-05', 'PAID', '2024-05', 54),
	(1355, 23556100, 0, 0, '기본급 지급', '2024-05-05', 'PAID', '2024-05', 55),
	(1356, 26554156, 0, 0, '기본급 지급', '2024-05-05', 'PAID', '2024-05', 56),
	(1357, 26839654, 0, 0, '기본급 지급', '2024-05-05', 'PAID', '2024-05', 57),
	(1358, 29304167, 0, 0, '기본급 지급', '2024-05-05', 'PAID', '2024-05', 58),
	(1359, 29645022, 0, 0, '기본급 지급', '2024-05-05', 'PAID', '2024-05', 59),
	(1360, 26276724, 0, 0, '기본급 지급', '2024-05-05', 'PAID', '2024-05', 60),
	(1361, 28210832, 0, 0, '기본급 지급', '2024-05-05', 'PAID', '2024-05', 61),
	(1362, 22373909, 0, 0, '기본급 지급', '2024-05-05', 'PAID', '2024-05', 62),
	(1363, 20099205, 0, 0, '기본급 지급', '2024-05-05', 'PAID', '2024-05', 63),
	(1364, 29593994, 0, 0, '기본급 지급', '2024-05-05', 'PAID', '2024-05', 64),
	(1365, 23709384, 0, 0, '기본급 지급', '2024-05-05', 'PAID', '2024-05', 65),
	(1366, 29210883, 0, 0, '기본급 지급', '2024-05-05', 'PAID', '2024-05', 66),
	(1367, 29433964, 0, 0, '기본급 지급', '2024-05-05', 'PAID', '2024-05', 67),
	(1368, 20558695, 0, 0, '기본급 지급', '2024-05-05', 'PAID', '2024-05', 68),
	(1369, 28601342, 0, 0, '기본급 지급', '2024-05-05', 'PAID', '2024-05', 69),
	(1370, 21546734, 0, 0, '기본급 지급', '2024-05-05', 'PAID', '2024-05', 70),
	(1371, 25712979, 0, 0, '기본급 지급', '2024-05-05', 'PAID', '2024-05', 71),
	(1372, 29828469, 0, 0, '기본급 지급', '2024-05-05', 'PAID', '2024-05', 72),
	(1373, 20218473, 0, 0, '기본급 지급', '2024-05-05', 'PAID', '2024-05', 73),
	(1374, 25745519, 0, 0, '기본급 지급', '2024-05-05', 'PAID', '2024-05', 74),
	(1375, 28592793, 0, 0, '기본급 지급', '2024-05-05', 'PAID', '2024-05', 75),
	(1376, 26219541, 0, 0, '기본급 지급', '2024-05-05', 'PAID', '2024-05', 76),
	(1377, 22607774, 0, 0, '기본급 지급', '2024-05-05', 'PAID', '2024-05', 77),
	(1378, 24534984, 0, 0, '기본급 지급', '2024-05-05', 'PAID', '2024-05', 78),
	(1379, 22096738, 0, 0, '기본급 지급', '2024-05-05', 'PAID', '2024-05', 79),
	(1380, 27245799, 0, 0, '기본급 지급', '2024-05-05', 'PAID', '2024-05', 80),
	(1381, 29868351, 0, 0, '기본급 지급', '2024-05-05', 'PAID', '2024-05', 81),
	(1382, 25478924, 0, 0, '기본급 지급', '2024-05-05', 'PAID', '2024-05', 82),
	(1383, 29940675, 0, 0, '기본급 지급', '2024-05-05', 'PAID', '2024-05', 83),
	(1384, 29753690, 0, 0, '기본급 지급', '2024-05-05', 'PAID', '2024-05', 84),
	(1385, 27598031, 0, 0, '기본급 지급', '2024-05-05', 'PAID', '2024-05', 85),
	(1386, 21812328, 0, 0, '기본급 지급', '2024-05-05', 'PAID', '2024-05', 86),
	(1387, 26311599, 0, 0, '기본급 지급', '2024-05-05', 'PAID', '2024-05', 87),
	(1388, 24933127, 0, 0, '기본급 지급', '2024-05-05', 'PAID', '2024-05', 88),
	(1389, 28178184, 0, 0, '기본급 지급', '2024-05-05', 'PAID', '2024-05', 89),
	(1390, 23395476, 0, 0, '기본급 지급', '2024-05-05', 'PAID', '2024-05', 90),
	(1391, 25784617, 0, 0, '기본급 지급', '2024-05-05', 'PAID', '2024-05', 91),
	(1392, 28701173, 0, 0, '기본급 지급', '2024-05-05', 'PAID', '2024-05', 92),
	(1393, 23056676, 0, 0, '기본급 지급', '2024-05-05', 'PAID', '2024-05', 93),
	(1394, 22741142, 0, 0, '기본급 지급', '2024-05-05', 'PAID', '2024-05', 94),
	(1395, 22664912, 0, 0, '기본급 지급', '2024-05-05', 'PAID', '2024-05', 95),
	(1396, 28835402, 0, 0, '기본급 지급', '2024-05-05', 'PAID', '2024-05', 96),
	(1397, 21622362, 0, 0, '기본급 지급', '2024-05-05', 'PAID', '2024-05', 97),
	(1398, 25580348, 0, 0, '기본급 지급', '2024-05-05', 'PAID', '2024-05', 98),
	(1399, 21759828, 0, 0, '기본급 지급', '2024-05-05', 'PAID', '2024-05', 99),
	(1400, 23955654, 0, 0, '기본급 지급', '2024-05-05', 'PAID', '2024-05', 100),
	(1401, 110330975, 0, 0, '기본급 지급', '2024-04-05', 'PAID', '2024-04', 1),
	(1402, 65763317, 0, 0, '기본급 지급', '2024-04-05', 'PAID', '2024-04', 2),
	(1403, 41192481, 0, 0, '기본급 지급', '2024-04-05', 'PAID', '2024-04', 3),
	(1404, 33084912, 0, 0, '기본급 지급', '2024-04-05', 'PAID', '2024-04', 4),
	(1405, 29083561, 0, 0, '기본급 지급', '2024-04-05', 'PAID', '2024-04', 5),
	(1406, 28924504, 0, 0, '기본급 지급', '2024-04-05', 'PAID', '2024-04', 6),
	(1407, 29346438, 0, 0, '기본급 지급', '2024-04-05', 'PAID', '2024-04', 7),
	(1408, 21176110, 0, 0, '기본급 지급', '2024-04-05', 'PAID', '2024-04', 8),
	(1409, 27026154, 0, 0, '기본급 지급', '2024-04-05', 'PAID', '2024-04', 9),
	(1410, 20040992, 0, 0, '기본급 지급', '2024-04-05', 'PAID', '2024-04', 10),
	(1411, 63674866, 0, 0, '기본급 지급', '2024-04-05', 'PAID', '2024-04', 11),
	(1412, 47197942, 0, 0, '기본급 지급', '2024-04-05', 'PAID', '2024-04', 12),
	(1413, 56600135, 0, 0, '기본급 지급', '2024-04-05', 'PAID', '2024-04', 13),
	(1414, 33524473, 0, 0, '기본급 지급', '2024-04-05', 'PAID', '2024-04', 14),
	(1415, 40070098, 0, 0, '기본급 지급', '2024-04-05', 'PAID', '2024-04', 15),
	(1416, 37629461, 0, 0, '기본급 지급', '2024-04-05', 'PAID', '2024-04', 16),
	(1417, 25480248, 0, 0, '기본급 지급', '2024-04-05', 'PAID', '2024-04', 17),
	(1418, 20765211, 0, 0, '기본급 지급', '2024-04-05', 'PAID', '2024-04', 18),
	(1419, 28097707, 0, 0, '기본급 지급', '2024-04-05', 'PAID', '2024-04', 19),
	(1420, 25537673, 0, 0, '기본급 지급', '2024-04-05', 'PAID', '2024-04', 20),
	(1421, 28957718, 0, 0, '기본급 지급', '2024-04-05', 'PAID', '2024-04', 21),
	(1422, 24460959, 0, 0, '기본급 지급', '2024-04-05', 'PAID', '2024-04', 22),
	(1423, 20185995, 0, 0, '기본급 지급', '2024-04-05', 'PAID', '2024-04', 23),
	(1424, 22766302, 0, 0, '기본급 지급', '2024-04-05', 'PAID', '2024-04', 24),
	(1425, 23598003, 0, 0, '기본급 지급', '2024-04-05', 'PAID', '2024-04', 25),
	(1426, 25362467, 0, 0, '기본급 지급', '2024-04-05', 'PAID', '2024-04', 26),
	(1427, 26572485, 0, 0, '기본급 지급', '2024-04-05', 'PAID', '2024-04', 27),
	(1428, 29701172, 0, 0, '기본급 지급', '2024-04-05', 'PAID', '2024-04', 28),
	(1429, 23517316, 0, 0, '기본급 지급', '2024-04-05', 'PAID', '2024-04', 29),
	(1430, 21199681, 0, 0, '기본급 지급', '2024-04-05', 'PAID', '2024-04', 30),
	(1431, 25040909, 0, 0, '기본급 지급', '2024-04-05', 'PAID', '2024-04', 31),
	(1432, 23966955, 0, 0, '기본급 지급', '2024-04-05', 'PAID', '2024-04', 32),
	(1433, 24999768, 0, 0, '기본급 지급', '2024-04-05', 'PAID', '2024-04', 33),
	(1434, 20075232, 0, 0, '기본급 지급', '2024-04-05', 'PAID', '2024-04', 34),
	(1435, 21946211, 0, 0, '기본급 지급', '2024-04-05', 'PAID', '2024-04', 35),
	(1436, 28528016, 0, 0, '기본급 지급', '2024-04-05', 'PAID', '2024-04', 36),
	(1437, 20307819, 0, 0, '기본급 지급', '2024-04-05', 'PAID', '2024-04', 37),
	(1438, 28190344, 0, 0, '기본급 지급', '2024-04-05', 'PAID', '2024-04', 38),
	(1439, 21881844, 0, 0, '기본급 지급', '2024-04-05', 'PAID', '2024-04', 39),
	(1440, 28606724, 0, 0, '기본급 지급', '2024-04-05', 'PAID', '2024-04', 40),
	(1441, 24787722, 0, 0, '기본급 지급', '2024-04-05', 'PAID', '2024-04', 41),
	(1442, 27005132, 0, 0, '기본급 지급', '2024-04-05', 'PAID', '2024-04', 42),
	(1443, 24196996, 0, 0, '기본급 지급', '2024-04-05', 'PAID', '2024-04', 43),
	(1444, 25568267, 0, 0, '기본급 지급', '2024-04-05', 'PAID', '2024-04', 44),
	(1445, 22418947, 0, 0, '기본급 지급', '2024-04-05', 'PAID', '2024-04', 45),
	(1446, 23058413, 0, 0, '기본급 지급', '2024-04-05', 'PAID', '2024-04', 46),
	(1447, 21628232, 0, 0, '기본급 지급', '2024-04-05', 'PAID', '2024-04', 47),
	(1448, 25352279, 0, 0, '기본급 지급', '2024-04-05', 'PAID', '2024-04', 48),
	(1449, 29083809, 0, 0, '기본급 지급', '2024-04-05', 'PAID', '2024-04', 49),
	(1450, 22674823, 0, 0, '기본급 지급', '2024-04-05', 'PAID', '2024-04', 50),
	(1451, 28429911, 0, 0, '기본급 지급', '2024-04-05', 'PAID', '2024-04', 51),
	(1452, 22577709, 0, 0, '기본급 지급', '2024-04-05', 'PAID', '2024-04', 52),
	(1453, 26476118, 0, 0, '기본급 지급', '2024-04-05', 'PAID', '2024-04', 53),
	(1454, 26489680, 0, 0, '기본급 지급', '2024-04-05', 'PAID', '2024-04', 54),
	(1455, 23556100, 0, 0, '기본급 지급', '2024-04-05', 'PAID', '2024-04', 55),
	(1456, 26554156, 0, 0, '기본급 지급', '2024-04-05', 'PAID', '2024-04', 56),
	(1457, 26839654, 0, 0, '기본급 지급', '2024-04-05', 'PAID', '2024-04', 57),
	(1458, 29304167, 0, 0, '기본급 지급', '2024-04-05', 'PAID', '2024-04', 58),
	(1459, 29645022, 0, 0, '기본급 지급', '2024-04-05', 'PAID', '2024-04', 59),
	(1460, 26276724, 0, 0, '기본급 지급', '2024-04-05', 'PAID', '2024-04', 60),
	(1461, 28210832, 0, 0, '기본급 지급', '2024-04-05', 'PAID', '2024-04', 61),
	(1462, 22373909, 0, 0, '기본급 지급', '2024-04-05', 'PAID', '2024-04', 62),
	(1463, 20099205, 0, 0, '기본급 지급', '2024-04-05', 'PAID', '2024-04', 63),
	(1464, 29593994, 0, 0, '기본급 지급', '2024-04-05', 'PAID', '2024-04', 64),
	(1465, 23709384, 0, 0, '기본급 지급', '2024-04-05', 'PAID', '2024-04', 65),
	(1466, 29210883, 0, 0, '기본급 지급', '2024-04-05', 'PAID', '2024-04', 66),
	(1467, 29433964, 0, 0, '기본급 지급', '2024-04-05', 'PAID', '2024-04', 67),
	(1468, 20558695, 0, 0, '기본급 지급', '2024-04-05', 'PAID', '2024-04', 68),
	(1469, 28601342, 0, 0, '기본급 지급', '2024-04-05', 'PAID', '2024-04', 69),
	(1470, 21546734, 0, 0, '기본급 지급', '2024-04-05', 'PAID', '2024-04', 70),
	(1471, 25712979, 0, 0, '기본급 지급', '2024-04-05', 'PAID', '2024-04', 71),
	(1472, 29828469, 0, 0, '기본급 지급', '2024-04-05', 'PAID', '2024-04', 72),
	(1473, 20218473, 0, 0, '기본급 지급', '2024-04-05', 'PAID', '2024-04', 73),
	(1474, 25745519, 0, 0, '기본급 지급', '2024-04-05', 'PAID', '2024-04', 74),
	(1475, 28592793, 0, 0, '기본급 지급', '2024-04-05', 'PAID', '2024-04', 75),
	(1476, 26219541, 0, 0, '기본급 지급', '2024-04-05', 'PAID', '2024-04', 76),
	(1477, 22607774, 0, 0, '기본급 지급', '2024-04-05', 'PAID', '2024-04', 77),
	(1478, 24534984, 0, 0, '기본급 지급', '2024-04-05', 'PAID', '2024-04', 78),
	(1479, 22096738, 0, 0, '기본급 지급', '2024-04-05', 'PAID', '2024-04', 79),
	(1480, 27245799, 0, 0, '기본급 지급', '2024-04-05', 'PAID', '2024-04', 80),
	(1481, 29868351, 0, 0, '기본급 지급', '2024-04-05', 'PAID', '2024-04', 81),
	(1482, 25478924, 0, 0, '기본급 지급', '2024-04-05', 'PAID', '2024-04', 82),
	(1483, 29940675, 0, 0, '기본급 지급', '2024-04-05', 'PAID', '2024-04', 83),
	(1484, 29753690, 0, 0, '기본급 지급', '2024-04-05', 'PAID', '2024-04', 84),
	(1485, 27598031, 0, 0, '기본급 지급', '2024-04-05', 'PAID', '2024-04', 85),
	(1486, 21812328, 0, 0, '기본급 지급', '2024-04-05', 'PAID', '2024-04', 86),
	(1487, 26311599, 0, 0, '기본급 지급', '2024-04-05', 'PAID', '2024-04', 87),
	(1488, 24933127, 0, 0, '기본급 지급', '2024-04-05', 'PAID', '2024-04', 88),
	(1489, 28178184, 0, 0, '기본급 지급', '2024-04-05', 'PAID', '2024-04', 89),
	(1490, 23395476, 0, 0, '기본급 지급', '2024-04-05', 'PAID', '2024-04', 90),
	(1491, 25784617, 0, 0, '기본급 지급', '2024-04-05', 'PAID', '2024-04', 91),
	(1492, 28701173, 0, 0, '기본급 지급', '2024-04-05', 'PAID', '2024-04', 92),
	(1493, 23056676, 0, 0, '기본급 지급', '2024-04-05', 'PAID', '2024-04', 93),
	(1494, 22741142, 0, 0, '기본급 지급', '2024-04-05', 'PAID', '2024-04', 94),
	(1495, 22664912, 0, 0, '기본급 지급', '2024-04-05', 'PAID', '2024-04', 95),
	(1496, 28835402, 0, 0, '기본급 지급', '2024-04-05', 'PAID', '2024-04', 96),
	(1497, 21622362, 0, 0, '기본급 지급', '2024-04-05', 'PAID', '2024-04', 97),
	(1498, 25580348, 0, 0, '기본급 지급', '2024-04-05', 'PAID', '2024-04', 98),
	(1499, 21759828, 0, 0, '기본급 지급', '2024-04-05', 'PAID', '2024-04', 99),
	(1500, 23955654, 0, 0, '기본급 지급', '2024-04-05', 'PAID', '2024-04', 100),
	(1501, 110330975, 0, 0, '기본급 지급', '2024-03-05', 'PAID', '2024-03', 1),
	(1502, 65763317, 0, 0, '기본급 지급', '2024-03-05', 'PAID', '2024-03', 2),
	(1503, 41192481, 0, 0, '기본급 지급', '2024-03-05', 'PAID', '2024-03', 3),
	(1504, 33084912, 0, 0, '기본급 지급', '2024-03-05', 'PAID', '2024-03', 4),
	(1505, 29083561, 0, 0, '기본급 지급', '2024-03-05', 'PAID', '2024-03', 5),
	(1506, 28924504, 0, 0, '기본급 지급', '2024-03-05', 'PAID', '2024-03', 6),
	(1507, 29346438, 0, 0, '기본급 지급', '2024-03-05', 'PAID', '2024-03', 7),
	(1508, 21176110, 0, 0, '기본급 지급', '2024-03-05', 'PAID', '2024-03', 8),
	(1509, 27026154, 0, 0, '기본급 지급', '2024-03-05', 'PAID', '2024-03', 9),
	(1510, 20040992, 0, 0, '기본급 지급', '2024-03-05', 'PAID', '2024-03', 10),
	(1511, 63674866, 0, 0, '기본급 지급', '2024-03-05', 'PAID', '2024-03', 11),
	(1512, 47197942, 0, 0, '기본급 지급', '2024-03-05', 'PAID', '2024-03', 12),
	(1513, 56600135, 0, 0, '기본급 지급', '2024-03-05', 'PAID', '2024-03', 13),
	(1514, 33524473, 0, 0, '기본급 지급', '2024-03-05', 'PAID', '2024-03', 14),
	(1515, 40070098, 0, 0, '기본급 지급', '2024-03-05', 'PAID', '2024-03', 15),
	(1516, 37629461, 0, 0, '기본급 지급', '2024-03-05', 'PAID', '2024-03', 16),
	(1517, 25480248, 0, 0, '기본급 지급', '2024-03-05', 'PAID', '2024-03', 17),
	(1518, 20765211, 0, 0, '기본급 지급', '2024-03-05', 'PAID', '2024-03', 18),
	(1519, 28097707, 0, 0, '기본급 지급', '2024-03-05', 'PAID', '2024-03', 19),
	(1520, 25537673, 0, 0, '기본급 지급', '2024-03-05', 'PAID', '2024-03', 20),
	(1521, 28957718, 0, 0, '기본급 지급', '2024-03-05', 'PAID', '2024-03', 21),
	(1522, 24460959, 0, 0, '기본급 지급', '2024-03-05', 'PAID', '2024-03', 22),
	(1523, 20185995, 0, 0, '기본급 지급', '2024-03-05', 'PAID', '2024-03', 23),
	(1524, 22766302, 0, 0, '기본급 지급', '2024-03-05', 'PAID', '2024-03', 24),
	(1525, 23598003, 0, 0, '기본급 지급', '2024-03-05', 'PAID', '2024-03', 25),
	(1526, 25362467, 0, 0, '기본급 지급', '2024-03-05', 'PAID', '2024-03', 26),
	(1527, 26572485, 0, 0, '기본급 지급', '2024-03-05', 'PAID', '2024-03', 27),
	(1528, 29701172, 0, 0, '기본급 지급', '2024-03-05', 'PAID', '2024-03', 28),
	(1529, 23517316, 0, 0, '기본급 지급', '2024-03-05', 'PAID', '2024-03', 29),
	(1530, 21199681, 0, 0, '기본급 지급', '2024-03-05', 'PAID', '2024-03', 30),
	(1531, 25040909, 0, 0, '기본급 지급', '2024-03-05', 'PAID', '2024-03', 31),
	(1532, 23966955, 0, 0, '기본급 지급', '2024-03-05', 'PAID', '2024-03', 32),
	(1533, 24999768, 0, 0, '기본급 지급', '2024-03-05', 'PAID', '2024-03', 33),
	(1534, 20075232, 0, 0, '기본급 지급', '2024-03-05', 'PAID', '2024-03', 34),
	(1535, 21946211, 0, 0, '기본급 지급', '2024-03-05', 'PAID', '2024-03', 35),
	(1536, 28528016, 0, 0, '기본급 지급', '2024-03-05', 'PAID', '2024-03', 36),
	(1537, 20307819, 0, 0, '기본급 지급', '2024-03-05', 'PAID', '2024-03', 37),
	(1538, 28190344, 0, 0, '기본급 지급', '2024-03-05', 'PAID', '2024-03', 38),
	(1539, 21881844, 0, 0, '기본급 지급', '2024-03-05', 'PAID', '2024-03', 39),
	(1540, 28606724, 0, 0, '기본급 지급', '2024-03-05', 'PAID', '2024-03', 40),
	(1541, 24787722, 0, 0, '기본급 지급', '2024-03-05', 'PAID', '2024-03', 41),
	(1542, 27005132, 0, 0, '기본급 지급', '2024-03-05', 'PAID', '2024-03', 42),
	(1543, 24196996, 0, 0, '기본급 지급', '2024-03-05', 'PAID', '2024-03', 43),
	(1544, 25568267, 0, 0, '기본급 지급', '2024-03-05', 'PAID', '2024-03', 44),
	(1545, 22418947, 0, 0, '기본급 지급', '2024-03-05', 'PAID', '2024-03', 45),
	(1546, 23058413, 0, 0, '기본급 지급', '2024-03-05', 'PAID', '2024-03', 46),
	(1547, 21628232, 0, 0, '기본급 지급', '2024-03-05', 'PAID', '2024-03', 47),
	(1548, 25352279, 0, 0, '기본급 지급', '2024-03-05', 'PAID', '2024-03', 48),
	(1549, 29083809, 0, 0, '기본급 지급', '2024-03-05', 'PAID', '2024-03', 49),
	(1550, 22674823, 0, 0, '기본급 지급', '2024-03-05', 'PAID', '2024-03', 50),
	(1551, 28429911, 0, 0, '기본급 지급', '2024-03-05', 'PAID', '2024-03', 51),
	(1552, 22577709, 0, 0, '기본급 지급', '2024-03-05', 'PAID', '2024-03', 52),
	(1553, 26476118, 0, 0, '기본급 지급', '2024-03-05', 'PAID', '2024-03', 53),
	(1554, 26489680, 0, 0, '기본급 지급', '2024-03-05', 'PAID', '2024-03', 54),
	(1555, 23556100, 0, 0, '기본급 지급', '2024-03-05', 'PAID', '2024-03', 55),
	(1556, 26554156, 0, 0, '기본급 지급', '2024-03-05', 'PAID', '2024-03', 56),
	(1557, 26839654, 0, 0, '기본급 지급', '2024-03-05', 'PAID', '2024-03', 57),
	(1558, 29304167, 0, 0, '기본급 지급', '2024-03-05', 'PAID', '2024-03', 58),
	(1559, 29645022, 0, 0, '기본급 지급', '2024-03-05', 'PAID', '2024-03', 59),
	(1560, 26276724, 0, 0, '기본급 지급', '2024-03-05', 'PAID', '2024-03', 60),
	(1561, 28210832, 0, 0, '기본급 지급', '2024-03-05', 'PAID', '2024-03', 61),
	(1562, 22373909, 0, 0, '기본급 지급', '2024-03-05', 'PAID', '2024-03', 62),
	(1563, 20099205, 0, 0, '기본급 지급', '2024-03-05', 'PAID', '2024-03', 63),
	(1564, 29593994, 0, 0, '기본급 지급', '2024-03-05', 'PAID', '2024-03', 64),
	(1565, 23709384, 0, 0, '기본급 지급', '2024-03-05', 'PAID', '2024-03', 65),
	(1566, 29210883, 0, 0, '기본급 지급', '2024-03-05', 'PAID', '2024-03', 66),
	(1567, 29433964, 0, 0, '기본급 지급', '2024-03-05', 'PAID', '2024-03', 67),
	(1568, 20558695, 0, 0, '기본급 지급', '2024-03-05', 'PAID', '2024-03', 68),
	(1569, 28601342, 0, 0, '기본급 지급', '2024-03-05', 'PAID', '2024-03', 69),
	(1570, 21546734, 0, 0, '기본급 지급', '2024-03-05', 'PAID', '2024-03', 70),
	(1571, 25712979, 0, 0, '기본급 지급', '2024-03-05', 'PAID', '2024-03', 71),
	(1572, 29828469, 0, 0, '기본급 지급', '2024-03-05', 'PAID', '2024-03', 72),
	(1573, 20218473, 0, 0, '기본급 지급', '2024-03-05', 'PAID', '2024-03', 73),
	(1574, 25745519, 0, 0, '기본급 지급', '2024-03-05', 'PAID', '2024-03', 74),
	(1575, 28592793, 0, 0, '기본급 지급', '2024-03-05', 'PAID', '2024-03', 75),
	(1576, 26219541, 0, 0, '기본급 지급', '2024-03-05', 'PAID', '2024-03', 76),
	(1577, 22607774, 0, 0, '기본급 지급', '2024-03-05', 'PAID', '2024-03', 77),
	(1578, 24534984, 0, 0, '기본급 지급', '2024-03-05', 'PAID', '2024-03', 78),
	(1579, 22096738, 0, 0, '기본급 지급', '2024-03-05', 'PAID', '2024-03', 79),
	(1580, 27245799, 0, 0, '기본급 지급', '2024-03-05', 'PAID', '2024-03', 80),
	(1581, 29868351, 0, 0, '기본급 지급', '2024-03-05', 'PAID', '2024-03', 81),
	(1582, 25478924, 0, 0, '기본급 지급', '2024-03-05', 'PAID', '2024-03', 82),
	(1583, 29940675, 0, 0, '기본급 지급', '2024-03-05', 'PAID', '2024-03', 83),
	(1584, 29753690, 0, 0, '기본급 지급', '2024-03-05', 'PAID', '2024-03', 84),
	(1585, 27598031, 0, 0, '기본급 지급', '2024-03-05', 'PAID', '2024-03', 85),
	(1586, 21812328, 0, 0, '기본급 지급', '2024-03-05', 'PAID', '2024-03', 86),
	(1587, 26311599, 0, 0, '기본급 지급', '2024-03-05', 'PAID', '2024-03', 87),
	(1588, 24933127, 0, 0, '기본급 지급', '2024-03-05', 'PAID', '2024-03', 88),
	(1589, 28178184, 0, 0, '기본급 지급', '2024-03-05', 'PAID', '2024-03', 89),
	(1590, 23395476, 0, 0, '기본급 지급', '2024-03-05', 'PAID', '2024-03', 90),
	(1591, 25784617, 0, 0, '기본급 지급', '2024-03-05', 'PAID', '2024-03', 91),
	(1592, 28701173, 0, 0, '기본급 지급', '2024-03-05', 'PAID', '2024-03', 92),
	(1593, 23056676, 0, 0, '기본급 지급', '2024-03-05', 'PAID', '2024-03', 93),
	(1594, 22741142, 0, 0, '기본급 지급', '2024-03-05', 'PAID', '2024-03', 94),
	(1595, 22664912, 0, 0, '기본급 지급', '2024-03-05', 'PAID', '2024-03', 95),
	(1596, 28835402, 0, 0, '기본급 지급', '2024-03-05', 'PAID', '2024-03', 96),
	(1597, 21622362, 0, 0, '기본급 지급', '2024-03-05', 'PAID', '2024-03', 97),
	(1598, 25580348, 0, 0, '기본급 지급', '2024-03-05', 'PAID', '2024-03', 98),
	(1599, 21759828, 0, 0, '기본급 지급', '2024-03-05', 'PAID', '2024-03', 99),
	(1600, 23955654, 0, 0, '기본급 지급', '2024-03-05', 'PAID', '2024-03', 100),
	(1601, 110330975, 0, 0, '기본급 지급', '2024-02-05', 'PAID', '2024-02', 1),
	(1602, 65763317, 0, 0, '기본급 지급', '2024-02-05', 'PAID', '2024-02', 2),
	(1603, 41192481, 0, 0, '기본급 지급', '2024-02-05', 'PAID', '2024-02', 3),
	(1604, 33084912, 0, 0, '기본급 지급', '2024-02-05', 'PAID', '2024-02', 4),
	(1605, 29083561, 0, 0, '기본급 지급', '2024-02-05', 'PAID', '2024-02', 5),
	(1606, 28924504, 0, 0, '기본급 지급', '2024-02-05', 'PAID', '2024-02', 6),
	(1607, 29346438, 0, 0, '기본급 지급', '2024-02-05', 'PAID', '2024-02', 7),
	(1608, 21176110, 0, 0, '기본급 지급', '2024-02-05', 'PAID', '2024-02', 8),
	(1609, 27026154, 0, 0, '기본급 지급', '2024-02-05', 'PAID', '2024-02', 9),
	(1610, 20040992, 0, 0, '기본급 지급', '2024-02-05', 'PAID', '2024-02', 10),
	(1611, 63674866, 0, 0, '기본급 지급', '2024-02-05', 'PAID', '2024-02', 11),
	(1612, 47197942, 0, 0, '기본급 지급', '2024-02-05', 'PAID', '2024-02', 12),
	(1613, 56600135, 0, 0, '기본급 지급', '2024-02-05', 'PAID', '2024-02', 13),
	(1614, 33524473, 0, 0, '기본급 지급', '2024-02-05', 'PAID', '2024-02', 14),
	(1615, 40070098, 0, 0, '기본급 지급', '2024-02-05', 'PAID', '2024-02', 15),
	(1616, 37629461, 0, 0, '기본급 지급', '2024-02-05', 'PAID', '2024-02', 16),
	(1617, 25480248, 0, 0, '기본급 지급', '2024-02-05', 'PAID', '2024-02', 17),
	(1618, 20765211, 0, 0, '기본급 지급', '2024-02-05', 'PAID', '2024-02', 18),
	(1619, 28097707, 0, 0, '기본급 지급', '2024-02-05', 'PAID', '2024-02', 19),
	(1620, 25537673, 0, 0, '기본급 지급', '2024-02-05', 'PAID', '2024-02', 20),
	(1621, 28957718, 0, 0, '기본급 지급', '2024-02-05', 'PAID', '2024-02', 21),
	(1622, 24460959, 0, 0, '기본급 지급', '2024-02-05', 'PAID', '2024-02', 22),
	(1623, 20185995, 0, 0, '기본급 지급', '2024-02-05', 'PAID', '2024-02', 23),
	(1624, 22766302, 0, 0, '기본급 지급', '2024-02-05', 'PAID', '2024-02', 24),
	(1625, 23598003, 0, 0, '기본급 지급', '2024-02-05', 'PAID', '2024-02', 25),
	(1626, 25362467, 0, 0, '기본급 지급', '2024-02-05', 'PAID', '2024-02', 26),
	(1627, 26572485, 0, 0, '기본급 지급', '2024-02-05', 'PAID', '2024-02', 27),
	(1628, 29701172, 0, 0, '기본급 지급', '2024-02-05', 'PAID', '2024-02', 28),
	(1629, 23517316, 0, 0, '기본급 지급', '2024-02-05', 'PAID', '2024-02', 29),
	(1630, 21199681, 0, 0, '기본급 지급', '2024-02-05', 'PAID', '2024-02', 30),
	(1631, 25040909, 0, 0, '기본급 지급', '2024-02-05', 'PAID', '2024-02', 31),
	(1632, 23966955, 0, 0, '기본급 지급', '2024-02-05', 'PAID', '2024-02', 32),
	(1633, 24999768, 0, 0, '기본급 지급', '2024-02-05', 'PAID', '2024-02', 33),
	(1634, 20075232, 0, 0, '기본급 지급', '2024-02-05', 'PAID', '2024-02', 34),
	(1635, 21946211, 0, 0, '기본급 지급', '2024-02-05', 'PAID', '2024-02', 35),
	(1636, 28528016, 0, 0, '기본급 지급', '2024-02-05', 'PAID', '2024-02', 36),
	(1637, 20307819, 0, 0, '기본급 지급', '2024-02-05', 'PAID', '2024-02', 37),
	(1638, 28190344, 0, 0, '기본급 지급', '2024-02-05', 'PAID', '2024-02', 38),
	(1639, 21881844, 0, 0, '기본급 지급', '2024-02-05', 'PAID', '2024-02', 39),
	(1640, 28606724, 0, 0, '기본급 지급', '2024-02-05', 'PAID', '2024-02', 40),
	(1641, 24787722, 0, 0, '기본급 지급', '2024-02-05', 'PAID', '2024-02', 41),
	(1642, 27005132, 0, 0, '기본급 지급', '2024-02-05', 'PAID', '2024-02', 42),
	(1643, 24196996, 0, 0, '기본급 지급', '2024-02-05', 'PAID', '2024-02', 43),
	(1644, 25568267, 0, 0, '기본급 지급', '2024-02-05', 'PAID', '2024-02', 44),
	(1645, 22418947, 0, 0, '기본급 지급', '2024-02-05', 'PAID', '2024-02', 45),
	(1646, 23058413, 0, 0, '기본급 지급', '2024-02-05', 'PAID', '2024-02', 46),
	(1647, 21628232, 0, 0, '기본급 지급', '2024-02-05', 'PAID', '2024-02', 47),
	(1648, 25352279, 0, 0, '기본급 지급', '2024-02-05', 'PAID', '2024-02', 48),
	(1649, 29083809, 0, 0, '기본급 지급', '2024-02-05', 'PAID', '2024-02', 49),
	(1650, 22674823, 0, 0, '기본급 지급', '2024-02-05', 'PAID', '2024-02', 50),
	(1651, 28429911, 0, 0, '기본급 지급', '2024-02-05', 'PAID', '2024-02', 51),
	(1652, 22577709, 0, 0, '기본급 지급', '2024-02-05', 'PAID', '2024-02', 52),
	(1653, 26476118, 0, 0, '기본급 지급', '2024-02-05', 'PAID', '2024-02', 53),
	(1654, 26489680, 0, 0, '기본급 지급', '2024-02-05', 'PAID', '2024-02', 54),
	(1655, 23556100, 0, 0, '기본급 지급', '2024-02-05', 'PAID', '2024-02', 55),
	(1656, 26554156, 0, 0, '기본급 지급', '2024-02-05', 'PAID', '2024-02', 56),
	(1657, 26839654, 0, 0, '기본급 지급', '2024-02-05', 'PAID', '2024-02', 57),
	(1658, 29304167, 0, 0, '기본급 지급', '2024-02-05', 'PAID', '2024-02', 58),
	(1659, 29645022, 0, 0, '기본급 지급', '2024-02-05', 'PAID', '2024-02', 59),
	(1660, 26276724, 0, 0, '기본급 지급', '2024-02-05', 'PAID', '2024-02', 60),
	(1661, 28210832, 0, 0, '기본급 지급', '2024-02-05', 'PAID', '2024-02', 61),
	(1662, 22373909, 0, 0, '기본급 지급', '2024-02-05', 'PAID', '2024-02', 62),
	(1663, 20099205, 0, 0, '기본급 지급', '2024-02-05', 'PAID', '2024-02', 63),
	(1664, 29593994, 0, 0, '기본급 지급', '2024-02-05', 'PAID', '2024-02', 64),
	(1665, 23709384, 0, 0, '기본급 지급', '2024-02-05', 'PAID', '2024-02', 65),
	(1666, 29210883, 0, 0, '기본급 지급', '2024-02-05', 'PAID', '2024-02', 66),
	(1667, 29433964, 0, 0, '기본급 지급', '2024-02-05', 'PAID', '2024-02', 67),
	(1668, 20558695, 0, 0, '기본급 지급', '2024-02-05', 'PAID', '2024-02', 68),
	(1669, 28601342, 0, 0, '기본급 지급', '2024-02-05', 'PAID', '2024-02', 69),
	(1670, 21546734, 0, 0, '기본급 지급', '2024-02-05', 'PAID', '2024-02', 70),
	(1671, 25712979, 0, 0, '기본급 지급', '2024-02-05', 'PAID', '2024-02', 71),
	(1672, 29828469, 0, 0, '기본급 지급', '2024-02-05', 'PAID', '2024-02', 72),
	(1673, 20218473, 0, 0, '기본급 지급', '2024-02-05', 'PAID', '2024-02', 73),
	(1674, 25745519, 0, 0, '기본급 지급', '2024-02-05', 'PAID', '2024-02', 74),
	(1675, 28592793, 0, 0, '기본급 지급', '2024-02-05', 'PAID', '2024-02', 75),
	(1676, 26219541, 0, 0, '기본급 지급', '2024-02-05', 'PAID', '2024-02', 76),
	(1677, 22607774, 0, 0, '기본급 지급', '2024-02-05', 'PAID', '2024-02', 77),
	(1678, 24534984, 0, 0, '기본급 지급', '2024-02-05', 'PAID', '2024-02', 78),
	(1679, 22096738, 0, 0, '기본급 지급', '2024-02-05', 'PAID', '2024-02', 79),
	(1680, 27245799, 0, 0, '기본급 지급', '2024-02-05', 'PAID', '2024-02', 80),
	(1681, 29868351, 0, 0, '기본급 지급', '2024-02-05', 'PAID', '2024-02', 81),
	(1682, 25478924, 0, 0, '기본급 지급', '2024-02-05', 'PAID', '2024-02', 82),
	(1683, 29940675, 0, 0, '기본급 지급', '2024-02-05', 'PAID', '2024-02', 83),
	(1684, 29753690, 0, 0, '기본급 지급', '2024-02-05', 'PAID', '2024-02', 84),
	(1685, 27598031, 0, 0, '기본급 지급', '2024-02-05', 'PAID', '2024-02', 85),
	(1686, 21812328, 0, 0, '기본급 지급', '2024-02-05', 'PAID', '2024-02', 86),
	(1687, 26311599, 0, 0, '기본급 지급', '2024-02-05', 'PAID', '2024-02', 87),
	(1688, 24933127, 0, 0, '기본급 지급', '2024-02-05', 'PAID', '2024-02', 88),
	(1689, 28178184, 0, 0, '기본급 지급', '2024-02-05', 'PAID', '2024-02', 89),
	(1690, 23395476, 0, 0, '기본급 지급', '2024-02-05', 'PAID', '2024-02', 90),
	(1691, 25784617, 0, 0, '기본급 지급', '2024-02-05', 'PAID', '2024-02', 91),
	(1692, 28701173, 0, 0, '기본급 지급', '2024-02-05', 'PAID', '2024-02', 92),
	(1693, 23056676, 0, 0, '기본급 지급', '2024-02-05', 'PAID', '2024-02', 93),
	(1694, 22741142, 0, 0, '기본급 지급', '2024-02-05', 'PAID', '2024-02', 94),
	(1695, 22664912, 0, 0, '기본급 지급', '2024-02-05', 'PAID', '2024-02', 95),
	(1696, 28835402, 0, 0, '기본급 지급', '2024-02-05', 'PAID', '2024-02', 96),
	(1697, 21622362, 0, 0, '기본급 지급', '2024-02-05', 'PAID', '2024-02', 97),
	(1698, 25580348, 0, 0, '기본급 지급', '2024-02-05', 'PAID', '2024-02', 98),
	(1699, 21759828, 0, 0, '기본급 지급', '2024-02-05', 'PAID', '2024-02', 99),
	(1700, 23955654, 0, 0, '기본급 지급', '2024-02-05', 'PAID', '2024-02', 100),
	(1701, 110330975, 0, 0, '기본급 지급', '2024-01-05', 'PAID', '2024-01', 1),
	(1702, 65763317, 0, 0, '기본급 지급', '2024-01-05', 'PAID', '2024-01', 2),
	(1703, 41192481, 0, 0, '기본급 지급', '2024-01-05', 'PAID', '2024-01', 3),
	(1704, 33084912, 0, 0, '기본급 지급', '2024-01-05', 'PAID', '2024-01', 4),
	(1705, 29083561, 0, 0, '기본급 지급', '2024-01-05', 'PAID', '2024-01', 5),
	(1706, 28924504, 0, 0, '기본급 지급', '2024-01-05', 'PAID', '2024-01', 6),
	(1707, 29346438, 0, 0, '기본급 지급', '2024-01-05', 'PAID', '2024-01', 7),
	(1708, 21176110, 0, 0, '기본급 지급', '2024-01-05', 'PAID', '2024-01', 8),
	(1709, 27026154, 0, 0, '기본급 지급', '2024-01-05', 'PAID', '2024-01', 9),
	(1710, 20040992, 0, 0, '기본급 지급', '2024-01-05', 'PAID', '2024-01', 10),
	(1711, 63674866, 0, 0, '기본급 지급', '2024-01-05', 'PAID', '2024-01', 11),
	(1712, 47197942, 0, 0, '기본급 지급', '2024-01-05', 'PAID', '2024-01', 12),
	(1713, 56600135, 0, 0, '기본급 지급', '2024-01-05', 'PAID', '2024-01', 13),
	(1714, 33524473, 0, 0, '기본급 지급', '2024-01-05', 'PAID', '2024-01', 14),
	(1715, 40070098, 0, 0, '기본급 지급', '2024-01-05', 'PAID', '2024-01', 15),
	(1716, 37629461, 0, 0, '기본급 지급', '2024-01-05', 'PAID', '2024-01', 16),
	(1717, 25480248, 0, 0, '기본급 지급', '2024-01-05', 'PAID', '2024-01', 17),
	(1718, 20765211, 0, 0, '기본급 지급', '2024-01-05', 'PAID', '2024-01', 18),
	(1719, 28097707, 0, 0, '기본급 지급', '2024-01-05', 'PAID', '2024-01', 19),
	(1720, 25537673, 0, 0, '기본급 지급', '2024-01-05', 'PAID', '2024-01', 20),
	(1721, 28957718, 0, 0, '기본급 지급', '2024-01-05', 'PAID', '2024-01', 21),
	(1722, 24460959, 0, 0, '기본급 지급', '2024-01-05', 'PAID', '2024-01', 22),
	(1723, 20185995, 0, 0, '기본급 지급', '2024-01-05', 'PAID', '2024-01', 23),
	(1724, 22766302, 0, 0, '기본급 지급', '2024-01-05', 'PAID', '2024-01', 24),
	(1725, 23598003, 0, 0, '기본급 지급', '2024-01-05', 'PAID', '2024-01', 25),
	(1726, 25362467, 0, 0, '기본급 지급', '2024-01-05', 'PAID', '2024-01', 26),
	(1727, 26572485, 0, 0, '기본급 지급', '2024-01-05', 'PAID', '2024-01', 27),
	(1728, 29701172, 0, 0, '기본급 지급', '2024-01-05', 'PAID', '2024-01', 28),
	(1729, 23517316, 0, 0, '기본급 지급', '2024-01-05', 'PAID', '2024-01', 29),
	(1730, 21199681, 0, 0, '기본급 지급', '2024-01-05', 'PAID', '2024-01', 30),
	(1731, 25040909, 0, 0, '기본급 지급', '2024-01-05', 'PAID', '2024-01', 31),
	(1732, 23966955, 0, 0, '기본급 지급', '2024-01-05', 'PAID', '2024-01', 32),
	(1733, 24999768, 0, 0, '기본급 지급', '2024-01-05', 'PAID', '2024-01', 33),
	(1734, 20075232, 0, 0, '기본급 지급', '2024-01-05', 'PAID', '2024-01', 34),
	(1735, 21946211, 0, 0, '기본급 지급', '2024-01-05', 'PAID', '2024-01', 35),
	(1736, 28528016, 0, 0, '기본급 지급', '2024-01-05', 'PAID', '2024-01', 36),
	(1737, 20307819, 0, 0, '기본급 지급', '2024-01-05', 'PAID', '2024-01', 37),
	(1738, 28190344, 0, 0, '기본급 지급', '2024-01-05', 'PAID', '2024-01', 38),
	(1739, 21881844, 0, 0, '기본급 지급', '2024-01-05', 'PAID', '2024-01', 39),
	(1740, 28606724, 0, 0, '기본급 지급', '2024-01-05', 'PAID', '2024-01', 40),
	(1741, 24787722, 0, 0, '기본급 지급', '2024-01-05', 'PAID', '2024-01', 41),
	(1742, 27005132, 0, 0, '기본급 지급', '2024-01-05', 'PAID', '2024-01', 42),
	(1743, 24196996, 0, 0, '기본급 지급', '2024-01-05', 'PAID', '2024-01', 43),
	(1744, 25568267, 0, 0, '기본급 지급', '2024-01-05', 'PAID', '2024-01', 44),
	(1745, 22418947, 0, 0, '기본급 지급', '2024-01-05', 'PAID', '2024-01', 45),
	(1746, 23058413, 0, 0, '기본급 지급', '2024-01-05', 'PAID', '2024-01', 46),
	(1747, 21628232, 0, 0, '기본급 지급', '2024-01-05', 'PAID', '2024-01', 47),
	(1748, 25352279, 0, 0, '기본급 지급', '2024-01-05', 'PAID', '2024-01', 48),
	(1749, 29083809, 0, 0, '기본급 지급', '2024-01-05', 'PAID', '2024-01', 49),
	(1750, 22674823, 0, 0, '기본급 지급', '2024-01-05', 'PAID', '2024-01', 50),
	(1751, 28429911, 0, 0, '기본급 지급', '2024-01-05', 'PAID', '2024-01', 51),
	(1752, 22577709, 0, 0, '기본급 지급', '2024-01-05', 'PAID', '2024-01', 52),
	(1753, 26476118, 0, 0, '기본급 지급', '2024-01-05', 'PAID', '2024-01', 53),
	(1754, 26489680, 0, 0, '기본급 지급', '2024-01-05', 'PAID', '2024-01', 54),
	(1755, 23556100, 0, 0, '기본급 지급', '2024-01-05', 'PAID', '2024-01', 55),
	(1756, 26554156, 0, 0, '기본급 지급', '2024-01-05', 'PAID', '2024-01', 56),
	(1757, 26839654, 0, 0, '기본급 지급', '2024-01-05', 'PAID', '2024-01', 57),
	(1758, 29304167, 0, 0, '기본급 지급', '2024-01-05', 'PAID', '2024-01', 58),
	(1759, 29645022, 0, 0, '기본급 지급', '2024-01-05', 'PAID', '2024-01', 59),
	(1760, 26276724, 0, 0, '기본급 지급', '2024-01-05', 'PAID', '2024-01', 60),
	(1761, 28210832, 0, 0, '기본급 지급', '2024-01-05', 'PAID', '2024-01', 61),
	(1762, 22373909, 0, 0, '기본급 지급', '2024-01-05', 'PAID', '2024-01', 62),
	(1763, 20099205, 0, 0, '기본급 지급', '2024-01-05', 'PAID', '2024-01', 63),
	(1764, 29593994, 0, 0, '기본급 지급', '2024-01-05', 'PAID', '2024-01', 64),
	(1765, 23709384, 0, 0, '기본급 지급', '2024-01-05', 'PAID', '2024-01', 65),
	(1766, 29210883, 0, 0, '기본급 지급', '2024-01-05', 'PAID', '2024-01', 66),
	(1767, 29433964, 0, 0, '기본급 지급', '2024-01-05', 'PAID', '2024-01', 67),
	(1768, 20558695, 0, 0, '기본급 지급', '2024-01-05', 'PAID', '2024-01', 68),
	(1769, 28601342, 0, 0, '기본급 지급', '2024-01-05', 'PAID', '2024-01', 69),
	(1770, 21546734, 0, 0, '기본급 지급', '2024-01-05', 'PAID', '2024-01', 70),
	(1771, 25712979, 0, 0, '기본급 지급', '2024-01-05', 'PAID', '2024-01', 71),
	(1772, 29828469, 0, 0, '기본급 지급', '2024-01-05', 'PAID', '2024-01', 72),
	(1773, 20218473, 0, 0, '기본급 지급', '2024-01-05', 'PAID', '2024-01', 73),
	(1774, 25745519, 0, 0, '기본급 지급', '2024-01-05', 'PAID', '2024-01', 74),
	(1775, 28592793, 0, 0, '기본급 지급', '2024-01-05', 'PAID', '2024-01', 75),
	(1776, 26219541, 0, 0, '기본급 지급', '2024-01-05', 'PAID', '2024-01', 76),
	(1777, 22607774, 0, 0, '기본급 지급', '2024-01-05', 'PAID', '2024-01', 77),
	(1778, 24534984, 0, 0, '기본급 지급', '2024-01-05', 'PAID', '2024-01', 78),
	(1779, 22096738, 0, 0, '기본급 지급', '2024-01-05', 'PAID', '2024-01', 79),
	(1780, 27245799, 0, 0, '기본급 지급', '2024-01-05', 'PAID', '2024-01', 80),
	(1781, 29868351, 0, 0, '기본급 지급', '2024-01-05', 'PAID', '2024-01', 81),
	(1782, 25478924, 0, 0, '기본급 지급', '2024-01-05', 'PAID', '2024-01', 82),
	(1783, 29940675, 0, 0, '기본급 지급', '2024-01-05', 'PAID', '2024-01', 83),
	(1784, 29753690, 0, 0, '기본급 지급', '2024-01-05', 'PAID', '2024-01', 84),
	(1785, 27598031, 0, 0, '기본급 지급', '2024-01-05', 'PAID', '2024-01', 85),
	(1786, 21812328, 0, 0, '기본급 지급', '2024-01-05', 'PAID', '2024-01', 86),
	(1787, 26311599, 0, 0, '기본급 지급', '2024-01-05', 'PAID', '2024-01', 87),
	(1788, 24933127, 0, 0, '기본급 지급', '2024-01-05', 'PAID', '2024-01', 88),
	(1789, 28178184, 0, 0, '기본급 지급', '2024-01-05', 'PAID', '2024-01', 89),
	(1790, 23395476, 0, 0, '기본급 지급', '2024-01-05', 'PAID', '2024-01', 90),
	(1791, 25784617, 0, 0, '기본급 지급', '2024-01-05', 'PAID', '2024-01', 91),
	(1792, 28701173, 0, 0, '기본급 지급', '2024-01-05', 'PAID', '2024-01', 92),
	(1793, 23056676, 0, 0, '기본급 지급', '2024-01-05', 'PAID', '2024-01', 93),
	(1794, 22741142, 0, 0, '기본급 지급', '2024-01-05', 'PAID', '2024-01', 94),
	(1795, 22664912, 0, 0, '기본급 지급', '2024-01-05', 'PAID', '2024-01', 95),
	(1796, 28835402, 0, 0, '기본급 지급', '2024-01-05', 'PAID', '2024-01', 96),
	(1797, 21622362, 0, 0, '기본급 지급', '2024-01-05', 'PAID', '2024-01', 97),
	(1798, 25580348, 0, 0, '기본급 지급', '2024-01-05', 'PAID', '2024-01', 98),
	(1799, 21759828, 0, 0, '기본급 지급', '2024-01-05', 'PAID', '2024-01', 99),
	(1800, 23955654, 0, 0, '기본급 지급', '2024-01-05', 'PAID', '2024-01', 100),
	(1801, 65763317, 100000, 200000, '6월 급여', '2025-07-05', 'SCHEDULED', '2025-07', 2),
	(1802, 110330975, 100000, 200000, '5월 급여 지급 완료', '2025-05-06', 'PAID', '2025-05', 1);

-- 테이블 test.task 구조 내보내기
CREATE TABLE IF NOT EXISTS `task` (
  `task_id` bigint NOT NULL,
  `duration` int DEFAULT NULL,
  `progress` double NOT NULL,
  `start_date` date NOT NULL,
  `title` varchar(255) NOT NULL,
  `type` varchar(255) DEFAULT NULL,
  `created_by` bigint DEFAULT NULL,
  `parent_id` bigint DEFAULT NULL,
  `project_id` bigint DEFAULT NULL,
  PRIMARY KEY (`task_id`),
  KEY `FK4f2kg16pltckfdvqo8pffijoy` (`created_by`),
  KEY `FK82ogu5quub0bhyuhp25riy7pf` (`parent_id`),
  KEY `FKk8qrwowg31kx7hp93sru1pdqa` (`project_id`),
  CONSTRAINT `FK4f2kg16pltckfdvqo8pffijoy` FOREIGN KEY (`created_by`) REFERENCES `employee` (`employee_id`),
  CONSTRAINT `FK82ogu5quub0bhyuhp25riy7pf` FOREIGN KEY (`parent_id`) REFERENCES `task` (`task_id`),
  CONSTRAINT `FKk8qrwowg31kx7hp93sru1pdqa` FOREIGN KEY (`project_id`) REFERENCES `project` (`project_id`)
) ENGINE=InnoDB DEFAULT CHARSET=utf8mb4 COLLATE=utf8mb4_0900_ai_ci;

-- 테이블 데이터 test.task:~0 rows (대략적) 내보내기
DELETE FROM `task`;

-- 테이블 test.work_history 구조 내보내기
CREATE TABLE IF NOT EXISTS `work_history` (
  `id` bigint NOT NULL AUTO_INCREMENT,
  `end_time` datetime(6) DEFAULT NULL,
  `note` varchar(255) DEFAULT NULL,
  `start_time` datetime(6) DEFAULT NULL,
  `work_date` date NOT NULL,
  `work_type` enum('AM_HALF_DAY','ATTENDANCE','BUSINESS_TRIP','LEAVE','PM_HALF_DAY','VACATION') NOT NULL,
  `employee_id` bigint DEFAULT NULL,
  PRIMARY KEY (`id`),
  KEY `FK15x6d9ck2h75t4xhx0dabqkn` (`employee_id`),
  CONSTRAINT `FK15x6d9ck2h75t4xhx0dabqkn` FOREIGN KEY (`employee_id`) REFERENCES `employee` (`employee_id`)
) ENGINE=InnoDB AUTO_INCREMENT=22 DEFAULT CHARSET=utf8mb4 COLLATE=utf8mb4_0900_ai_ci;

-- 테이블 데이터 test.work_history:~0 rows (대략적) 내보내기
DELETE FROM `work_history`;
INSERT INTO `work_history` (`id`, `end_time`, `note`, `start_time`, `work_date`, `work_type`, `employee_id`) VALUES
	(11, '2025-06-02 18:00:00.000000', '자동 입력', '2025-06-02 09:00:00.000000', '2025-06-02', 'LEAVE', 1),
	(12, '2025-06-03 18:00:00.000000', '자동 입력', '2025-06-03 09:00:00.000000', '2025-06-03', 'LEAVE', 1),
	(13, '2025-06-04 18:00:00.000000', '자동 입력', '2025-06-04 09:09:00.000000', '2025-06-04', 'LEAVE', 1),
	(14, '2025-06-05 18:00:00.000000', '자동 입력', '2025-06-05 09:09:00.000000', '2025-06-05', 'LEAVE', 1),
	(15, '2025-06-06 18:00:00.000000', '자동 입력', '2025-06-06 09:00:00.000000', '2025-06-06', 'LEAVE', 1),
	(16, '2025-06-09 18:00:00.000000', '자동 입력', '2025-06-09 09:00:00.000000', '2025-06-09', 'LEAVE', 1),
	(17, '2025-06-10 18:00:00.000000', '자동 입력', '2025-06-10 09:00:00.000000', '2025-06-10', 'LEAVE', 1),
	(18, '2025-06-11 18:00:00.000000', '자동 입력', '2025-06-11 09:00:00.000000', '2025-06-11', 'LEAVE', 1),
	(19, '2025-06-12 18:00:00.000000', '자동 입력', '2025-06-12 09:00:00.000000', '2025-06-12', 'LEAVE', 1),
	(20, '2025-06-13 18:00:00.000000', '자동 입력', '2025-06-13 09:00:00.000000', '2025-06-13', 'LEAVE', 1),
	(21, '2025-06-15 14:59:46.121254', NULL, '2025-06-15 14:59:41.762524', '2025-06-15', 'LEAVE', 1);

/*!40103 SET TIME_ZONE=IFNULL(@OLD_TIME_ZONE, 'system') */;
/*!40101 SET SQL_MODE=IFNULL(@OLD_SQL_MODE, '') */;
/*!40014 SET FOREIGN_KEY_CHECKS=IFNULL(@OLD_FOREIGN_KEY_CHECKS, 1) */;
/*!40101 SET CHARACTER_SET_CLIENT=@OLD_CHARACTER_SET_CLIENT */;
/*!40111 SET SQL_NOTES=IFNULL(@OLD_SQL_NOTES, 1) */;
